sku,also_known
3970,"3970, CARDbadge, Y365795"
3981,"3981, Y365815"
4081,"4081, Y365816"
4082,"4082, Y365817"
4083,"4083, Y365818"
4084,"4084, Y365819"
4085,"4085, Y365820"
4086,"4086, Y365821"
4101,"4101, CARDbadge"
4301,"4301, Y368554"
5128,"5128, Y365876"
5139,"5139, Y365878"
5141,"5141, Y365879"
5143,"5143, Y365880"
5148,"5148, CARDbadge, Y365914"
5194,"Y4130030, T3050"
5195,"Y4130034, T3050"
5196,"Y4130036, T3050"
5198,"Y4093669, T3050"
5199,"Y4093643, T3051"
5200,"Y4093653, T3051"
5201,"Y4133287, T3051"
5202,"Y4133288, T3051"
5203,"Y4093667, T3051"
5258,Y703015
5401,Y365889
5568,"5568, CARDbadge, Y395738"
5587,Y365920
5661,Y365936
5826,"5826, VOIDbadge, Y366071"
6520,"6520, VOIDbadge, Y366072"
6521,"6521, VOIDbadge, Y366073"
6522,6522
6523,6523
6524,6524
6525,6525
6526,6526
6527,6527
6528,6528
6529,6529
6530,"6530, VOIDbadge, Y401825"
6531,6531
6532,6532
6533,6533
6534,6534
6535,6535
6537,6537
6538,6538
6539,6539
6540,"6540, VOIDbadge, Y401836"
6541,6541
6542,6542
6543,6543
6544,6544
6545,"6545, VOIDbadge, Y401842"
6546,6546
6547,6547
6548,6548
6549,6549
6550,"6550, VOIDbadge, Y401848"
6551,6551
6552,6552
6553,6553
6554,6554
6555,"6555, VOIDbadge, Y401854"
6556,6556
6557,6557
6558,6558
6559,6559
6560,"6560, Y366074"
6703,"6703, Y366075"
6704,"6704, Y366076"
6705,"6705, Y366080"
6706,"6706, Y366078"
6707,"6707, Y366079"
6708,"6708, Y234592"
6709,"6709, Y365753"
6845,"6845, Y365758"
6853,"6853, Y365760"
6855,"6855, Y365761"
6856,6856
8075,"8075, Y366088"
8080,"8080, CARDclip, Y365769"
8106,"8106, Y366089"
8107,"8107, Y366089"
8108,"8108, Y366091"
8109,8109
8124,"8124, Y366093"
8140,"8140, Y366094"
8141,"8141, Y366095"
8143,"8143, Y885754"
8169,"8169, CARDbacker, Y823321"
8177,"8177, QuickTab, Quick Tab, TIMEbadge "
8188,
106-J,Y1163850
106-JL,Y1163911
106-N,Y1163847
106-T1,Y1163845
1810-1000,Y843300
1810-1400,Y843383
1815-1000,Y843298
1815-1010,Y843384
1815-1100,Y843358
1815-1120,Y938889
1815-1121,Y938888
1815-1123,Y1163845
1815-1124,Y1163847
1815-1125,Y1163850
1815-1126,Y1163911
1815-1200,Y843318
1815-1400,Y843301
1815-1405,Y843302
1815-1450,Y843360
1815-1455,Y865992
1820-1000,Y493306
1820-1001,Y487146
1820-1002,Y487147
1820-1003,Y789770
1820-1004,Y487148
1820-1005,Y843312
1820-1006,Y487150
1820-1008,Y487151
1820-1009,Y487152
1820-1050,Y843372
1820-1051,Y843369
1820-1052,Y843370
1820-1054,Y843373
1820-1055,Y843374
1820-1056,Y843376
1820-1058,Y843377
1820-1059,Y843378
1820-1200,Y789768
1820-1201,Y238870
1820-1202,Y238871
1820-1204,Y238873
1820-1205,Y843315
1820-1206,Y238874
1820-1208,Y238875
1820-1209,Y238876
1820-3002,Y493285
1820-3005,Y493287
1820-3006,Y493284
1820-3008,Y843381
1820-3009,Y493289
1840-1600,Y843367
1840-1605,Y843368
1840-1610,Y843361
1840-3080,Y843341
1840-3081,Y843339
1840-3082,Y843340
1840-3084,Y843342
1840-3086,Y843343
1840-3088,Y843344
1840-3089,Y843345
1840-3600,"Y434218, VM-1"
1840-3650,"Y434219, VM-3H"
1840-5010,Y533830
1840-5015,Y470268
1840-5017,Y487193
1840-5052,Y939065
1840-5057,Y470269
1840-5060,Y487195
1840-5150,Y866145
1840-6000,Y487196
1840-6200,"KL-30, Y487199"
1840-6201,"Y843691, KL-30"
1840-6202,"Y843693, KL-30"
1840-6204,"Y843696, KL-30"
1840-6206,"Y843697, KL-30"
1840-6208,"Y843698, KL-30"
1840-6209,"Y843699, KL-30"
1840-6210,"Y969500, LT-11-PNK, KL-35-NPNK"
1840-6211,"Y969505, LT-11-BLU, KL-35-NBLU"
1840-6212,"Y969524, LT-11-GRN, KL-35-NGRN"
1840-6213,"Y969525, LT-11-PUR, KL-35-NPUR"
1840-6214,"Y969529, LT-11-ORG, KL-35-NORG"
1840-6500,Y409248
1840-6550,Y843759
1840-6610,Y866196
1840-7000,Y843273
1840-7010,Y843364
1840-7100,Y843365
1840-7110,Y843366
1840-7201,Y843233
1840-7321,Y939073
1840-9000,Y1139453
1845-2001,Y843692
1845-2002,Y843694
1845-2004,Y938304
1845-2006,Y938305
1845-2008,Y843362
1845-2009,Y843363
1860-2501,Y493076
1860-2502,Y690943
1860-2506,Y690945
1860-2601,Y690948
1860-2602,Y690949
1860-2801,Y843319
1860-2802,Y843320
1860-2804,Y843321
1860-2805,Y843322
1860-2806,Y843323
1860-2808,Y843324
1860-2809,Y843325
1860-2901,Y843327
1860-2902,Y843328
1860-2904,Y843330
1860-2905,Y843331
1860-2906,Y843332
1860-2908,Y843333
1860-2909,Y843334
1860-3001,Y896399
1860-3002,Y896400
2105-1985,Y242074
2105-1993,"Y240998, 2105-1993, 505-A"
2105-2000,Y365772
2105-2001,Y487227
2105-2002,Y241513
2105-2004,Y699849
2105-2006,Y241515
2105-2008,Y241516
2105-2009,Y699851
2105-2045,Y939082
2105-2100,Y487233
2105-3011,Y866133
2105-3370,Y843816
2110-1213,Y843725
2115-2001,Y493074
2115-2002,Y843826
2115-2004,Y843824
2115-2005,Y843825
2115-2006,Y843829
2115-2008,Y843830
2115-2009,Y843831
2120-3001,Y489942
2120-3002,Y843398
2120-3004,Y489944
2120-3006,Y843421
2120-3008,Y489946
2120-3020,Y490036
2120-3030,Y487558
2120-3031,Y487498
2120-3032,Y487488
2120-3034,Y866010
2120-3036,Y487496
2120-3038,Y487490
2120-3039,Y843449
2120-3040,Y938917
2120-3050,Y939105
2120-3051,Y939106
2120-3052,Y939107
2120-3053,Y939108
2120-3057,Y936023
2120-3300,Y843852
2120-3305,Y843854
2120-3310,Y535822
2120-3325,Y843855
2120-3375,Y843391
2120-3400,Y842937
2120-3600,Y789769
2120-3602,Y487529
2120-3604,Y487531
2120-3605,Y843434
2120-3606,Y487281
2120-3609,Y487533
2120-3613,Y487538
2120-3821,Y939117
2120-4001,Y843461
2120-4101,Y977457
2120-4702,Y494985
2120-5701,Y873550
2120-5712,Y843767
2120-7025,Y939144
2120-7026,Y936009
2120-7027,Y936010
2120-7028,Y939147
2120-7060,Y911733
2120-7062,Y936594
2120-7501,Y675685
2120-7601,Y533825
2120-7602,Y533828
2120-7606,Y843418
2120-7608,Y533829
2120-7616,"Y799032, 580-TR-RED"
2120-7617,Y866012
2120-7618,Y799032
2120-7621,Y939157
2120-7622,Y939158
2120-7623,Y487552
2120-7624,Y487544
2120-7625,Y939161
2120-7626,Y487550
2120-7630,Y939162
2120-7640,Y939164
2120-7641,Y939165
2120-7642,Y939166
2120-7643,Y918740
2120-7644,Y939168
2124-3028,Y1107728
2124-3029,Y1107727
2124-3031,Y938913
2124-3032,Y938914
2124-3038,Y938915
2125-2000,Y494147
2135-3001,Y487353
2135-3002,Y487354
2135-3003,Y487355
2135-3004,Y487356
2135-3005,Y487361
2135-3006,Y487357
2135-3008,Y487358
2135-3009,Y487359
2135-3013,Y938954
2135-3014,Y487360
2135-3016,Y939205
2135-3017,Y487362
2135-3101,Y487349
2135-3102,Y487350
2135-3103,Y487595
2135-3104,Y487604
2135-3105,Y939217
2135-3106,Y487351
2135-3108,Y487352
2135-3109,Y938956
2135-3113,Y938957
2135-3114,Y939218
2135-3116,Y939219
2135-3117,Y939220
2135-3251,Y487340
2135-3252,Y487341
2135-3253,Y487342
2135-3254,Y487588
2135-3255,Y939234
2135-3256,Y843532
2135-3258,Y487586
2135-3259,Y938958
2135-3263,Y938959
2135-3264,Y939236
2135-3266,Y971508
2135-3267,Y939237
2135-3501,Y487327
2135-3502,Y487328
2135-3503,Y487329
2135-3504,Y487330
2135-3505,Y487361
2135-3506,Y487331
2135-3508,Y487332
2135-3509,Y487333
2135-3513,Y487335
2135-3514,Y487334
2135-3516,Y487338
2135-3517,Y487337
2135-3551,Y487312
2135-3552,Y487313
2135-3553,Y487314
2135-3554,Y843553
2135-3555,Y487317
2135-3556,Y487315
2135-3558,Y487316
2135-3559,Y843572
2135-3563,Y843563
2135-3564,Y843550
2135-3566,Y939254
2135-3567,Y939255
2135-3651,Y487323
2135-3652,Y487324
2135-3653,Y487325
2135-3654,Y939260
2135-3655,Y843562
2135-3656,Y487326
2135-3658,Y939261
2135-3659,Y939262
2135-3663,Y939263
2135-3664,Y939264
2135-3666,Y939265
2135-3667,Y939266
2135-4501,Y487967
2135-4502,Y843592
2135-4503,Y676351
2135-4504,Y843595
2135-4506,Y676347
2135-4509,Y843577
2135-4510,Y676357
2135-4511,Y843589
2135-4512,Y843593
2135-4513,Y843597
2135-4514,Y843585
2135-4517,Y843574
2135-4518,Y843605
2135-4519,Y843590
2135-4520,Y843594
2135-4521,Y843202
2135-4522,Y676344
2135-4533,Y938924
2135-4535,Y938926
2135-4541,Y933384
2135-4542,Y676358
2135-4544,Y491604
2135-4545,Y676362
2135-4546,Y676346
2135-4573,Y900031
2135-4574,Y939335
2135-4575,Y939336
2135-4576,Y939337
2135-4578,Y939339
2135-4581,Y939342
2135-4582,Y939343
2135-4583,Y939344
2135-4584,Y939345
2135-4586,Y939347
2135-4589,Y939350
2135-4590,Y939351
2135-4591,Y939352
2135-4592,Y939353
2135-4594,Y939355
2135-4613,Y939374
2135-4614,Y939375
2135-4615,Y939376
2135-4616,Y939377
2135-4618,Y939379
2135-4645,Y843657
2135-4646,Y843666
2135-4647,Y843661
2135-4648,Y843670
2135-4653,Y881343
2135-4654,Y843667
2135-4655,Y843662
2135-4656,Y843672
2135-4661,Y843653
2135-4662,Y843668
2135-4663,Y843659
2135-4664,Y706046
2135-4677,Y938991
2135-4678,Y938992
2135-4685,Y843652
2135-4686,Y706052
2135-4687,Y938987
2135-4688,Y706048
2136-3405,Y939440
2136-3406,Y939441
2136-3407,Y939442
2136-3501,Y843610
2136-3502,Y843636
2136-3503,Y843627
2136-3504,Y487365
2136-3505,Y843631
2136-3506,Y843639
2136-3508,Y843646
2136-3509,Y843650
2136-3513,Y939444
2136-3514,Y843615
2136-3516,Y939445
2136-3517,Y843623
2136-3551,Y843609
2136-3552,Y843635
2136-3553,Y843626
2136-3554,Y843619
2136-3555,Y939446
2136-3556,Y843638
2136-3558,Y846144
2136-3559,Y939447
2136-3563,Y939448
2136-3564,Y843614
2136-3566,Y939449
2136-3567,Y939450
2136-3651,Y939456
2136-3652,Y939457
2136-3653,Y939458
2136-3654,Y939459
2136-3655,Y843651
2136-3656,Y866022
2136-3658,Y939460
2136-3659,Y939461
2136-3663,Y939462
2136-3664,Y939463
2136-3666,Y939464
2136-3667,Y939465
2137-2001,Y843524
2137-2002,Y843530
2137-2003,Y843528
2137-2006,Y843533
2137-2008,Y843536
2137-2037,Y939519
2137-2038,Y939520
2137-2039,Y939521
2137-2045,Y939522
2137-2046,Y939523
2137-2047,Y939524
2137-2048,Y939525
2137-2049,Y939526
2137-2050,Y939527
2137-2051,Y939528
2137-2052,Y939529
2137-2053,Y939530
2137-2054,Y939531
2137-2055,Y939532
2137-2056,Y939533
2137-2057,Y939534
2137-2058,Y939535
2137-2060,Y939537
2137-2061,Y939538
2137-2062,Y939539
2137-2063,Y939540
2137-2064,Y939541
2137-2065,Y939542
2137-2066,Y939543
2137-2067,Y939544
2137-2068,Y939545
2137-3651,Y487366
2137-3652,Y487367
2137-3653,Y487368
2137-3654,Y843556
2137-3655,Y866024
2137-3656,Y843569
2137-3658,Y938960
2137-3659,Y938961
2137-3663,Y866025
2137-3664,Y487369
2137-3666,Y939553
2137-3667,Y939554
2137-3771,Y487403
2137-4035,Y487370
2137-4040,Y487371
2137-4060,Y487373
2137-4080,Y487372
2137-4110,Y487374
2137-4125,Y487376
2137-4130,Y487377
2137-4743,Y911394
2137-4746,Y873577
2137-4753,Y939601
2137-5001,Y487415
2137-5002,Y487417
2137-5003,Y238904
2137-5004,Y487421
2137-5005,Y487438
2137-5006,Y487423
2137-5008,Y487427
2137-5009,Y238909
2137-5013,Y238905
2137-5014,Y487431
2137-5018,Y487445
2137-5035,Y238903
2137-6001,Y487387
2137-6002,Y487389
2137-6003,Y487391
2137-6004,Y238884
2137-6005,Y843560
2137-6006,Y487395
2137-6008,Y487397
2137-6009,Y238891
2137-6013,Y238887
2137-6014,Y843551
2137-6018,Y843570
2137-6035,Y238885
2138-3651,Y843613
2138-3652,Y939620
2138-3653,Y939621
2138-3654,Y939623
2138-3655,Y939624
2138-3656,Y939625
2138-3658,Y939626
2138-3659,Y939627
2138-3663,Y939628
2138-3664,Y939629
2138-3666,Y939630
2138-3667,Y939631
2138-4781,Y936025
2138-5001,Y487464
2138-5002,Y487466
2138-5003,Y487468
2138-5004,Y487470
2138-5005,Y883478
2138-5006,Y487472
2138-5008,Y843644
2138-5009,Y843648
2138-5013,Y487478
2138-5014,Y487476
2138-5018,Y843642
2138-5035,Y487480
2138-5081,Y238855
2138-5200,Y873257
2138-5210,Y238850
2138-5220,Y238854
2138-5225,Y238853
2138-5230,Y873255
2138-5286,Y866030
2138-5288,"Y896380, AWR-34S-PNK"
2138-5290,"Y896381, AWR-34S-PURP"
2138-6001,Y487456
2138-6002,Y487458
2138-6003,Y843625
2138-6004,Y843620
2138-6005,Y843629
2138-6006,Y493400
2138-6008,Y843643
2138-6009,Y843647
2138-6013,Y939694
2138-6014,Y939695
2138-6018,Y939696
2138-6035,Y939697
2140-1000,Y866129
2140-1520,Y939699
2140-1540,Y843701
2140-6001,Y939712
2140-6002,Y939713
2140-6004,Y939714
2140-6006,Y938866
2140-6008,Y938867
2140-6301,Y843171
2140-6302,"Y846157, 505-WSR-RBLU"
2140-6308,Y937984
2145-1001,Y843162
2145-2001,Y938789
2145-2002,Y938351
2145-2013,Y939737
2410-2000,"Y843683, KL-10"
2410-2001,"Y843681, KL-10"
2410-2002,"Y843682, KL-10"
2410-2004,"Y487530, KL-10"
2410-2006,"Y843686, KL-10"
2410-2008,"Y843687, KL-10"
2410-2100,"Y843688, KL-11"
2410-2101,"Y487537, KL-11"
2410-2102,"Y487539, KL-11"
2410-2104,"Y487541, KL-11"
2410-2106,"Y843117, KL-11"
2410-2108,"Y487545, KL-11"
304-J21,Y866036
304-JC,Y485759
304-JH,Y866038
304-JP,Y485758
304-T1C,Y866040
304-T1H,Y866041
306-2P46,Y866042
306-357,Y866043
306-4258,Y866045
306-46,Y866046
306-4755,Y866047
406-J-BLK,Y486507
406-J-CLR,Y485760
406-J-GRN,Y486505
406-J-RBLU,Y486504
406-J-RED,Y486502
406-J-WHT,Y487378
406-J-YLW,Y486503
407-N-GRN,Y493288
407-T-BLK,Y493294
407-T-RBLU,Y493293
407-T-RED,Y493292
504-AR1B,Y434217
504-AR1W,Y527362
504-ARFB,Y866090
504-ARFW,Y866091
504-ARNB,Y434216
504-ARNO,Y493170
504-ARNW,Y527363
504-ARZB,Y493172
504-ARZW,Y493171
504-BG,Y866095
504-F,Y493180
504-FS,Y866102
504-HC1,Y493221
504-HC2,Y493222
504-J,Y493184
504-JL,Y873419
504-N,Y493179
504-T1,Y493182
504-T1L,Y866113
505-A,Y240998
505-CC-BLK,Y938789
505-CC-RBLU,Y938351
505-CL-BLK,Y843162
505-HD-CRM,Y605559
505-HW-BLKCRM,Y536707
505-HW-CRM,Y536708
505-M,Y487596
505-MB-BLK,Y527365
505-MB-DKGRY,Y875882
505-MB-RBLU,Y875884
505-MB-WHT,Y605574
505-NC,Y866129
505-SD,Y242074
505-WSR-BLK,Y843171
505-WSR-RBLU,"Y846157, 2140-6302"
505-WSR-WHT,Y937984
506-35625,Y866142
506-35875,Y866144
506-4258,Y866146
506-46,Y866148
506-J,Y487382
506-N,Y527350
506-N2,Y487612
506-T1,Y527351
506-T2,Y487613
506-ZHKR,Y866157
506-ZHOS,Y470272
506-ZHOS-CLR,Y940132
506-ZS,Y470271
509-MB-BLK,Y875908
509-MB-RBLU,Y866160
509-MF-BLK,Y866161
525-I-BLK,Y487498
525-I-DKGRY,Y487492
525-IK6-BLK,Y488412
525-I-ORG,Y487494
525-I-RBLU,Y487488
525-I-RED,Y487496
525-ISR-BLK,Y495354
525-I-WHT,Y487490
525-TR-CLR,Y789769
525-TR-GRN,Y487531
525-TR-ORG,Y843434
525-TR-PURP,Y487538
525-TR-RBLU,Y487529
525-TR-RED,Y487281
525-TR-YLW,Y487533
529-TR-CLR,Y939157
529-TR-GRN,Y487544
529-TR-RBLU,Y939158
529-TR-RED,Y487550
530-I-WHT,Y487517
5705-3500,Y843489
5705-3542,Y843488
5710-1108,Y843493
5710-3050,Y843513
5710-3058,Y843514
5730-3000,Y487634
5730-3010,Y843516
5730-3040,Y843519
580-TR-RED,Y799032
605-I-BLK,Y875934
605-I-DKGRY,Y875935
605-I-RBLU,Y875937
605-I-RED,Y875936
605-I-WHT,Y875938
605-TR-GRN,Y875947
605-TR-RBLU,Y875951
605-TR-RED,Y875950
609-I-BLK,Y875958
609-IK6-BLK,Y875962
609-I-RBLU,Y875960
609-I-WHT,Y875961
609-TR-RBLU,Y875971
609-TR-RED,Y875970
6920-1702,Y939783
6920-1763,Y939804
6920-1783,Y939806
6920-2209,Y843245
6920-2350,Y843508
6920-3100,Y1265456
704-CB-BLK,Y494122
704-CB-RBLU,Y494119
704-CB-RED,Y494120
704-CB-WHT,Y494121
704-TR-GRN,Y494124
704-TR-PURP,Y494128
704-TR-RBLU,Y873988
704-TR-RED,Y494126
706-LT1,Y866196
706-N,Y487654
706-N2,Y843759
706-T1,Y866195
726-CSN,Y866197
726-CT1,Y487655
726-SN,Y409248
726-T1,Y487196
736-N,Y493175
905-GC-CRM,Y875837
905-I-BLK,Y875839
905-IK6-BLK,Y875845
905-I-RBLU,Y799035
905-I-WHT,Y875844
905-TR-RBLU,Y799041
909-I-BLK,Y875855
909-I-RBLU,Y875859
909-I-WHT,Y875860
909-TR-RBLU,Y875868
AWR-34S-PNK,Y896380
AWR-34S-PURP,Y896381
BL-34H-BLK,Y487422
BL-34S-BLK,Y487402
BL-545-BLK,Y493209
BL-545-RBLU,Y493320
CW-2-BLK,Y876055
CW-3-BLK,Y896961
CW-6-BLK,Y1219963
CW-6-RBLU,Y1219964
FF-34H-BLK,Y488410
K-6,Y799047
LZ-6,Y938571
LZ-8,Y938572
NF-9C-BLK,Y493275
NF-9C-GRN,Y493273
NF-9C-NBLU,Y493270
NF-9C-RBLU,Y493271
NF-9C-RED,Y493274
NF-9C-WHT,Y493272
NF-9R-BLK,Y493282
NF-9R-GRN,Y493349
NF-9R-NBLU,Y493348
NF-9R-RBLU,Y493278
NF-9R-RED,Y493281
NF-9R-WHT,Y493279
NF-9S-BLK,Y493268
NF-9S-GRN,Y493347
NF-9S-NBLU,Y493345
NF-9S-RBLU,Y493346
NF-9S-RED,Y493267
NF-9S-WHT,Y938894
PPP-1,Y493217
R504-ARNO,Y940330
R504-ARNR,Y940331
R504-ARNY,Y940332
SKR-1,Y929826
VM-1,Y434218
VM-3H,Y434219
5513,Y1965257
5514,Y839713
2138-5282,Y1718735
2138-5281,Y1718737
704-CLP-BLK,Y1897307
704-CLP-RED,Y1897349
704-CLP-RBLU,Y1897308
704-CLP-WHT,Y1897348
304-MAG,Y1981162
506-456,Y2112963
1840-3101,Y2008330
2137-2004,Y1764557
2137-2005,Y1764598
2137-2007,Y1764599
2137-2009,Y1764601
2137-2010,Y1764623
2137-2011,Y1764684
2137-2012,Y1764686
2137-2013,Y1764688
2137-2014,Y1764689
2137-2015,Y1764690
2137-2016,Y1764691
2137-2017,Y1764712
2137-2018,Y1764713
2137-2019,Y1764714
2137-2020,Y1764715
2137-2021,Y1764933
2137-2022,Y1765033
2137-2023,Y1765034
2137-2024,Y1765035
2137-2025,Y1765036
2137-2026,Y1765037
2137-2027,Y1765038
2137-2028,Y1765039
2137-2029,Y1765040
2137-2030,Y1765041
2137-2033,Y1745941
2137-2034,Y1746082
2137-2035,Y1746083
2137-2036,Y1746084
1860-4000,Y2560867
1860-4001,Y2560868
1860-4003,Y2560871
2138-7005,Y1745932
2138-7007,Y1745936
2138-7009,Y1745937
2138-7010,Y1745938
1860-4006,Y2560869
706-RNG,Y2555523
RHN-BLU,Y2538733
RHN-CLR,Y2538619
RHN-PNK,Y2538621
704-CB-GRN,Y1767150
704-CB-PNK,Y1767154
2120-3902,Y2602442
2120-3901,Y2602381
2120-3906,Y2602462
2120-3908,Y2602461
2120-3900,Y2602463
2124-3050,Y2716718
5721,Y2954861
5741,Y2955012
2138-6281,Y2996814
2138-6283,Y2996893
2138-6284,Y2996919
2138-6285,Y2996920
6196,Y3423217
2120-3081,Y3368532
2120-3082,Y3368533
2120-3083,Y3368534
2120-3084,Y3368535
2120-3085,Y3368536
2138-5043,Y3488867
2138-5044,Y3488868
2138-5045,Y3488869
2138-5048,Y3488870
2138-5049,Y3488871
2138-5050,Y3488902
RHN-BLK,Y3490363
RHN-RED,Y3490362
RHN-PURP,Y3490364
2135-3021,Y3323373
2135-3022,Y3323374
2135-3023,Y3323375
2135-3026,Y3323376
2135-3029,Y3323377
2137-3001,Y3157706
2137-3002,Y3157708
2137-3006,Y3157709
2136-3403,Y3671716
2136-3404,Y3671811
2136-3408,Y3671812
2120-7801,Y3206878
2120-7802,Y3206882
2120-7808,Y3206879
2120-7810,Y3206883
2120-8001,Y3206750
2120-8002,Y3206754
2120-8008,Y3206751
2120-8010,Y3206755
2120-8011,Y3206753
2120-8012,Y3206752
1860-5001,Y3880163
1860-5003,Y3880164
1860-5006,Y3880165
1860-5008,Y3880166
1840-5091,Y3539672
1840-5092,Y3539673
1809-1200,Y3915532
1809-1000,Y3915535
304-BC,Y3924092
504-T1LB,Y3924094
2105-2093,Y3924093
UBAND1K-6,
UBAND1K-7,
UBAND1K-8,
704-CB-PNKRIB,Y1767155
1840-6640,Y4035772
1840-6641,Y4035770
1840-6642,Y4035773
1840-6647,Y4035774
1840-6648,Y4035771
1840-6650,Y4038830
1840-6651,Y4038828
1840-6652,Y4038831
1840-6657,Y4038832
1840-6658,Y4038829
1815-1451,Y4064070
1815-1401,Y4064069
2120-7632,Y4064599
2138-3621,Y2750149
2138-3622,Y2750151
2138-3623,Y2750200
2138-3624,Y2750201
2138-3626,Y2750204
2138-3628,Y2750205
UBAND-BLU-PRX-XX,
UBAND-BLK-PRX-XX,
504-NITTS,Y3945643
504-T1LS,Y3945644
2138-5240,Y4138411
8178,"8178, CARDbacker,"
8179,"8179, CARDbadge, Y365792"
C05721,Y3209063
C05741,Y3209063
1840-6661,Y3157123
1840-6662,Y3157127
1840-6667,Y3157127
1840-6668,Y3157124
1840-6671,Y3156716
1840-6672,Y3156718
1840-6677,Y3156719
1840-6678,Y3156715
304-CB-PUR,
304-CB-BLU,
304-CB-RED,
304-CB-ORG,
304-CB-YLW,
304-CB-GRN,
1860-2701,
1860-2702,
1860-2704,
1860-2705,
1860-2706,
1860-2709,
1840-1700,
2137-2040,Y4186080
2137-2041,
2140-5301,
2140-5302,
2140-5303,
2140-5304,
2140-5306,
2140-5308,
1840-5084,Y4148629
2105-4001,Y4237642
2105-4002,Y4237651
2105-4008,Y4237660
2105-4101,Y4237679
2105-4102,Y4237680
2105-4108,Y4237682
1815-1600,
2125-2010,Y938318
2138-7283,Y4267069
2138-7284,Y4267070
2138-7288,Y4267071
2138-7289,Y4267082
505-A-TW,Y4143874
T2003,"Y4252356, 02003, ONEstep badge"
T2004,"Y4252357, 02004, ONEstep badge"
T2005,"Y4252358, 02005, ONEstep badge"
T2011,"Y4252360, 02011, ONEstep badge"
T2011L,"Y4252372, ONEstep badge"
T2014,"Y4252373, 02014, TIMEbadge"
T2015,"Y4253495, 02015, TIMEbadge"
T2020,"Y4253496, TIMEbadge"
T2020L,"Y4253497, TIMEbadge"
T3971A,"Y4253531, 03971, TIMEbadge"
T3983A,"Y4253530, 03983, TIMEbadge"
T4102A,"Y4253532, 04102, TIMEbadge"
T4103A,"Y4253533, 04103, TIMEspot"
T5595A,"Y4253527, 05595, TIMEtoken"
T5812A,"Y4253528, 05812, TIMEspot"
T5902A,"Y4253513, 05902, TIMEbadge"
T5902AL,"Y4253514, TIMEbadge"
T5903A,"Y4253515, 05903, TIMEbadge"
T5903AL,"Y4253516, TIMEbadge"
T5904A,"Y4253517, 05904, TIMEbadge"
T5904AL,"Y4253518, TIMEbadge"
T5905A,"Y4253521, 05905, TIMEbadge"
T5905AL,"Y4253522, TIMEbadge"
T5906A,"Y4253519, 05906, TIMEbadge"
T5906AL,"Y4253520, TIMEbadge"
T5907A,"Y4253523, 05907, TIMEbadge"
T5913A,"Y4253505, 05913, TIMEbadge"
T5913AL,"Y4253506, TIMEbadge"
T5915A,"Y4253507, 05915, TIMEbadge"
T5915AL,"Y4253508, TIMEbadge"
T5937A,"Y4253509, 05937, TIMEbadge"
T5937AL,"Y4253510, TIMEbadge"
T5938A,"Y4253511, 05938, TIMEbadge"
T5938AL,"Y4253512, TIMEbadge"
T6027A,"Y4253524, 06027, TIMEbadge"
T6027AL,"Y4253525, TIMEbadge"
T6031A,"Y4253500, 06031, TIMEbadge"
T6031AL,"Y4253501, TIMEbadge"
T6032A,"Y4253498, 06032, TIMEbadge"
T6032AL,"Y4253499, TIMEbadge"
T6054A,"Y4253526, 06054, TIMEbadge"
T6056A,"Y4253503, 06056, TIMEtoken"
T6057A,"Y4253502, 06057, TIMEtoken"
T6059A,"Y4253504, 06059, TIMEspot"
T6103,"Y4252388, 06103, TIMEbadge"
T6104,"Y4252389, 06104, TIMEbadge"
T6105,"Y4252390, 06105, TIMEbadge"
T6117,"Y4253544, 06117, TIMEtoken"
T6118,"Y4253543, 06118, TIMEtoken"
T6119,"Y4253545, 06119, TIMEtoken"
T6122,"Y4253546, 06122, TIMEspot"
T6128,"Y4253674, 06128, TIMEspot"
T6132,"Y4253675, 06132, TIMEspot"
T6134,"Y4253677, 06134, TIMEspot"
T6136,"Y4253676, 06136, TIMEspot"
T6145,"Y4252391, 06145, TIMEbadge"
T6151,"Y4252498, 06151, TIMEbadge"
T6151L,"Y4252499, TIMEbadge"
T6203,"Y4252394, 06203, TIMEbadge"
T6205,"Y4252395, 06205, TIMEbadge"
T6214,"Y4253687, 06214, TIMEtoken"
T6218,"Y4253688, TIMEtoken"
T6219,"Y4253686, 06219, TIMEtoken"
T6222,"Y4253689, 06222, TIMEspot"
T6232,"Y4253690, TIMEspot"
T6234,"Y4253692, TIMEspot"
T6236,"Y4253691, TIMEspot"
T6251,"Y4253493, 06251, TIMEbadge"
T6251L,"Y4253494, TIMEbadge"
T6303,"Y4252392, TIMEbadge"
T6305,"Y4252393, TIMEbadge"
T6317,"Y4253679, TIMEtoken"
T6318,"Y4253680, TIMEtoken"
T6319,"Y4253678, TIMEtoken"
T6322,"Y4253681, TIMEspot"
T6328,"Y4253682, TIMEspot"
T6332,"Y4253683, TIMEspot"
T6334,"Y4253685, TIMEspot"
T6336,"Y4253684, TIMEspot"
T6351,"Y4252500, TIMEbadge"
T6351L,"Y4252501, TIMEbadge"
T6403,"Y4252386, 06403, TIMEbadge"
T6404,"Y4252387, 06404, TIMEbadge"
T6417,"Y4253537, 06417, TIMEtoken"
T6418,"Y4253535, 06418, TIMEtoken"
T6419,"Y4253536, 06419, TIMEtoken"
T6422,"Y4253538, 06422, TIMEspot"
T6426,"Y4253540, 06426, TIMEspot"
T6427,"Y4253541, 06427, TIMEspot"
T6428,"Y4253542, 06428, TIMEspot"
T6429,"Y4253539, 06429, TIMEspot"
T6451,"Y4252484, 06451, TIMEbadge"
T6451L,"Y4252486, TIMEbadge"
T7020,"Y4253693, TIMEtoken"
T7021,"Y4253694, TIMEtoken"
T7023,"Y4253695, TIMEtoken"
T7027,"Y4253696, TIMEtoken"
CW-2-PNK,Y876055
CW-2-RED,Y876055
CW-2-WHT,Y876055
9000-1000,
WS-7-DGORG-1,Y4491159
WS-7-DGYLW-1,Y4491160
WS-7-DGPNK-1,Y4491161
WS-7-DGLIME-1,Y4491192
WS-7-DGRED-1,Y4491194
WS-7-WHT-1,Y4491198
WS-7-BLK-1,Y4491199
WS-7-PLTNM-1,Y4491224
WS-7-HGLD-1,Y4491225
WS-7-WNTWHT-1,Y4491226
WS-7-LBLU-1,Y4491200
WS-7-BLKICE-1,Y4491227
WS-7-KGRN-1,Y4491201
WS-7-CRBRY-1,Y4491212
WS-7-SLVR-1,Y4491228
WS-7-GLD-1,Y4491230
WS-7-TEAL-1,Y4491213
WS-7-NBLUE-1,Y4491214
WS-7-DKGRN-1,Y4491215
WS-7-HPNK-1,Y4491216
WS-7-WLMN-1,Y4491217
WS-7-TTNG-1,Y4491218
WS-7-EBLU-1,Y4491219
WS-7-GRP-1,Y4491221
WS-7-RCKTRED-1,Y4491222
WS-7-LLIME-1,Y4491223
WS-4-DGORG-1,Y4490360
WS-4-YLW-1,Y4490424
WS-4-DGPNK-1,Y4490361
WS-4-LIME-1,Y4490423
WS-4-WHT-1,Y4490399
WS-4-BLU-1,Y4490372
WS-4-RED-1,Y4490381
WS-4-GRY-1,Y4490396
WS-4-PUR-1,Y4490397
2120-308X-C-S,
2120-308X-C-D,
2120-308X-C-DP,
2120-57XX-C-S,
2120-57XX-C-D,
2124-303X-C-S,
2124-303X-C-D,
2124-302X-C-S,
2124-302X-C-D,
2120-390X-C-S,
2120-390X-C-D,
2120-761X-C-S,
2120-800X-C-DP,
2120-800X-C-S,
2120-800X-C-D,
2120-780X-C-DP,
2120-780X-C-S,
2120-780X-C-D,
505-HW-BLKCRM-C-S,
505-HW-BLKCRM-C-D,
505-HD-CRM-C-S,
505-HD-CRM-C-D,
505-HD-BLKCRM-C-S,
505-HD-BLKCRM-C-D,
2120-764X-C-D,
2120-764X-C-S,
2120-305X-C-S,
2120-305X-C-D,
2120-475X-C-D,
2120-303X-C-S,
2120-303X-C-D,
2120-303X-C-DP,
2120-760X-C-S,
2120-760X-C-D,
2120-760X-C-DP,
2120-360X-C-S,
1840-6301,
1840-6302,
GT240-LT,
2120-761X-C-D,
2120-3310-C-S,
2120-3310-C-D,
1840-5014,Y4499605
1840-5013,Y4499580
525-ISR-RBLU,Y875799
KT-EDGE-R,
1840-3500,Y4543089
1840-3550,Y4543090
1840-1618,Y4524907
1840-1615,Y4524906
1840-1625,Y4499666
3934-0200,Y4547667
3934-0300,Y4547668
PA90,
BG-IMP1000-1E-S-C,
BG-IMP1000-1E-S-RC,
BG-IMP1000-1E-S-M,
BG-IMP1000-1E-S-RBC,
BG-IMP1000-1E-M-C,
BG-IMP1000-1E-M-RC,
BG-IMP1000-1E-M-P,
BG-IMP1000-1E-M-M,
BG-IMP1000-1E-M-RBC,
BG-IMP1000-1E-L-C,
BG-IMP1000-1E-L-RC,
BG-IMP1000-1E-L-P,
BG-IMP1000-1E-L-M,
BG-IMP1000-1E-L-RBC,
BG-IMP1000-1E-XL-C,
BG-IMP1000-1E-XL-RC,
BG-IMP1000-1E-XL-P,
BG-IMP1000-1E-XL-M,
BG-IMP1000-1E-XL-RBC,
BG-IMP1000-2E-S-C,
BG-IMP1000-2E-S-RC,
BG-IMP1000-2E-S-P,
BG-IMP1000-2E-S-M,
BG-IMP1000-2E-S-RBC,
BG-IMP1000-2E-M-C,
BG-IMP1000-2E-M-RC,
BG-IMP1000-2E-M-P,
BG-IMP1000-2E-M-M,
BG-IMP1000-2E-M-RBC,
BG-IMP1000-2E-L-C,
BG-IMP1000-2E-L-RC,
BG-IMP1000-2E-L-P,
BG-IMP1000-2E-L-M,
BG-IMP1000-2E-L-RBC,
BG-IMP1000-2E-XL-C,
BG-IMP1000-2E-XL-RC,
BG-IMP1000-2E-XL-P,
BG-IMP1000-2E-XL-M,
BG-IMP1000-2E-XL-RBC,
BG-IMP1000-3E-S-C,
BG-IMP1000-3E-S-RC,
BG-IMP1000-3E-S-P,
BG-IMP1000-3E-S-M,
BG-IMP1000-3E-S-RBC,
BG-IMP1000-3E-M-C,
BG-IMP1000-3E-M-RC,
BG-IMP1000-3E-M-P,
BG-IMP1000-3E-M-M,
BG-IMP1000-3E-M-RBC,
BG-IMP1000-3E-L-C,
BG-IMP1000-3E-L-RC,
BG-IMP1000-3E-L-P,
BG-IMP1000-3E-L-M,
BG-IMP1000-3E-L-RBC,
BG-IMP1000-3E-XL-C,
BG-IMP1000-3E-XL-RC,
BG-IMP1000-3E-XL-P,
BG-IMP1000-3E-XL-M,
BG-IMP1000-3E-XL-RBC,
BG-IMP3000-1E-S-C,
BG-IMP3000-1E-S-RC,
BG-IMP3000-1E-S-P,
BG-IMP3000-1E-S-M,
BG-IMP3000-1E-S-RBC,
BG-IMP3000-1E-M-C,
BG-IMP3000-1E-M-RC,
BG-IMP3000-1E-M-P,
BG-IMP3000-1E-M-M,
BG-IMP3000-1E-M-RBC,
BG-IMP3000-1E-L-C,
BG-IMP3000-1E-L-RC,
BG-IMP3000-1E-L-P,
BG-IMP3000-1E-L-M,
BG-IMP3000-1E-L-RBC,
BG-IMP3000-1E-XL-C,
BG-IMP3000-1E-XL-RC,
BG-IMP3000-1E-XL-P,
BG-IMP3000-1E-XL-M,
BG-IMP3000-1E-XL-RBC,
BG-IMP3000-2E-S-C,
BG-IMP3000-2E-S-RC,
BG-IMP3000-2E-S-P,
BG-IMP3000-2E-S-M,
BG-IMP3000-2E-S-RBC,
BG-IMP3000-2E-M-C,
BG-IMP3000-2E-M-RC,
BG-IMP3000-2E-M-P,
BG-IMP3000-2E-M-M,
BG-IMP3000-2E-M-RBC,
BG-IMP3000-2E-L-C,
BG-IMP3000-2E-L-RC,
BG-IMP3000-2E-L-P,
BG-IMP3000-2E-L-M,
BG-IMP3000-2E-L-RBC,
BG-IMP3000-2E-XL-C,
BG-IMP3000-2E-XL-RC,
BG-IMP3000-2E-XL-P,
BG-IMP3000-2E-XL-M,
BG-IMP3000-2E-XL-RBC,
BG-IMP3000-3E-S-C,
BG-IMP3000-3E-S-RC,
BG-IMP3000-3E-S-P,
BG-IMP3000-3E-S-M,
BG-IMP3000-3E-S-RBC,
BG-IMP3000-3E-M-C,
BG-IMP3000-3E-M-RC,
BG-IMP3000-3E-M-P,
BG-IMP3000-3E-M-M,
BG-IMP3000-3E-M-RBC,
BG-IMP3000-3E-L-C,
BG-IMP3000-3E-L-RC,
BG-IMP3000-3E-L-P,
BG-IMP3000-3E-L-M,
BG-IMP3000-3E-L-RBC,
BG-IMP3000-3E-XL-C,
BG-IMP3000-3E-XL-RC,
BG-IMP3000-3E-XL-P,
BG-IMP3000-3E-XL-M,
BG-IMP3000-3E-XL-RBC,
BG-IMP5000-1C1E-S-C,
BG-IMP5000-1C1E-S-RC,
BG-IMP5000-1C1E-S-P,
BG-IMP5000-1C1E-S-M,
BG-IMP5000-1C1E-S-RBC,
BG-IMP5000-1C1E-M-C,
BG-IMP5000-1C1E-M-RC,
BG-IMP5000-1C1E-M-P,
BG-IMP5000-1C1E-M-M,
BG-IMP5000-1C1E-M-RBC,
BG-IMP5000-1C1E-L-C,
BG-IMP5000-1C1E-L-RC,
BG-IMP5000-1C1E-L-P,
BG-IMP5000-1C1E-L-M,
BG-IMP5000-1C1E-L-RBC,
BG-IMP5000-1C1E-XL-C,
BG-IMP5000-1C1E-XL-RC,
BG-IMP5000-1C1E-XL-P,
BG-IMP5000-1C1E-XL-M,
BG-IMP5000-1C1E-XL-RBC,
BG-IMP5000-1C2E-S-C,
BG-IMP5000-1C2E-S-RC,
BG-IMP5000-1C2E-S-P,
BG-IMP5000-1C2E-S-M,
BG-IMP5000-1C2E-S-RBC,
BG-IMP5000-1C2E-M-C,
BG-IMP5000-1C2E-M-RC,
BG-IMP5000-1C2E-M-P,
BG-IMP5000-1C2E-M-M,
BG-IMP5000-1C2E-M-RBC,
BG-IMP5000-1C2E-L-C,
BG-IMP5000-1C2E-L-RC,
BG-IMP5000-1C2E-L-P,
BG-IMP5000-1C2E-L-M,
BG-IMP5000-1C2E-L-RBC,
BG-IMP5000-1C2E-XL-C,
BG-IMP5000-1C2E-XL-RC,
BG-IMP5000-1C2E-XL-P,
BG-IMP5000-1C2E-XL-M,
BG-IMP5000-1C2E-XL-RBC,
BG-IMP5000-2C1E-S-C,
BG-IMP5000-2C1E-S-RC,
BG-IMP5000-2C1E-S-P,
BG-IMP5000-2C1E-S-M,
BG-IMP5000-2C1E-S-RBC,
BG-IMP5000-2C1E-M-C,
BG-IMP5000-2C1E-M-RC,
BG-IMP5000-2C1E-M-P,
BG-IMP5000-2C1E-M-M,
BG-IMP5000-2C1E-M-RBC,
BG-IMP5000-2C1E-L-C,
BG-IMP5000-2C1E-L-RC,
BG-IMP5000-2C1E-L-P,
BG-IMP5000-2C1E-L-M,
BG-IMP5000-2C1E-L-RBC,
BG-IMP5000-2C1E-XL-C,
BG-IMP5000-2C1E-XL-RC,
BG-IMP5000-2C1E-XL-P,
BG-IMP5000-2C1E-XL-M,
BG-IMP5000-2C1E-XL-RBC,
BG-IMP5000-2C2E-S-C,
BG-IMP5000-2C2E-S-RC,
BG-IMP5000-2C2E-S-P,
BG-IMP5000-2C2E-S-M,
BG-IMP5000-2C2E-S-RBC,
BG-IMP5000-2C2E-M-C,
BG-IMP5000-2C2E-M-RC,
BG-IMP5000-2C2E-M-P,
BG-IMP5000-2C2E-M-M,
BG-IMP5000-2C2E-M-RBC,
BG-IMP5000-2C2E-L-C,
BG-IMP5000-2C2E-L-RC,
BG-IMP5000-2C2E-L-P,
BG-IMP5000-2C2E-L-M,
BG-IMP5000-2C2E-L-RBC,
BG-IMP5000-2C2E-XL-C,
BG-IMP5000-2C2E-XL-RC,
BG-IMP5000-2C2E-XL-P,
BG-IMP5000-2C2E-XL-M,
BG-IMP5000-2C2E-XL-RBC,
BG-EVENTBADGE-XS-C,
BG-EVENTBADGE-XS-RC,
BG-EVENTBADGE-XS-M,
BG-EVENTBADGE-XS-P,
BG-EVENTBADGE-XS-S,
BG-EVENTBADGE-XS-RBC,
BG-EVENTBADGE-S-C,
BG-EVENTBADGE-S-RC,
BG-EVENTBADGE-S-M,
BG-EVENTBADGE-S-P,
BG-EVENTBADGE-S-S,
BG-EVENTBADGE-S-RBC,
BG-EVENTBADGE-M-C,
BG-EVENTBADGE-M-RC,
BG-EVENTBADGE-M-M,
BG-EVENTBADGE-M-P,
BG-EVENTBADGE-M-S,
BG-EVENTBADGE-M-RBC,
BG-EVENTBADGE-L-C,
BG-EVENTBADGE-L-RC,
BG-EVENTBADGE-L-M,
BG-EVENTBADGE-L-P,
BG-EVENTBADGE-L-S,
BG-EVENTBADGE-L-RBC,
BG-SLFTSINGLE-C,
BG-SLFTSINGLE-RC,
BG-SLFTSINGLE-M,
BG-SLFTDOUBLE-C,
BG-SLFTDOUBLE-RC,
BG-SLFTDOUBLE-M,
BG-SLFTMULTI-C,
BG-SLFTMULTI-RC,
BG-SLFTMULTI-M,
BG-SLFTMMULTI-C,
BG-SLFTMMULTI-RC,
BG-SLFTMMULTI-M,
BG-SLFTGRANDE-C,
BG-SLFTGRANDE-RC,
BG-SLFTGRANDE-M,
BG-SLFTMEGA-C,
BG-SLFTMEGA-RC,
BG-SLFTMEGA-M,
BG-DIGILINE1X3-M,
BG-DIGILINE1X3-P,
BG-DIGILINE15X3-M,
BG-DIGILINE15X3-P,
BG-DIGILINE2X3-M,
BG-DIGILINE2X3-P,
BG-DIGILINE1X3-MT-M,
BG-DIGILINE1X3-MT-P,
BG-DIGILINE15X3-MT-M,
BG-DIGILINE15X3-MT-P,
BG-DIGILINE2X3-MT-M,
BG-DIGILINE2X3-MT-P,
BG-40R-R-F,
BG-40R-R-FB,
BG-40R-S-F,
BG-40R-SFB,
BG-GT240-R-F,
BG-GT240-R-FB,
BG-GT240-S-F,
BG-GT240-S-FB,
BG-GT40-R-F,
BG-GT40-R-FB,
BG-GT40-S-F,
BG-GT40-S-FB,
BG-GT50-R-F,
BG-GT50-R-FB,
BG-GT50-S-F,
BG-GT50-S-FB,
BG-GT60-R-F,
BG-GT60-R-FB,
BG-GT60-S-F,
BG-GT60-S-FB,
BG-DP279X180-B,
BG-DP279X180-1,
BG-DP279X180-2,
BG-DP279X180-3,
BG-DP279X180-4,
BG-TC90X110-B,
BG-TC90X110-1,
BG-TC90X110-2,
BG-TC90X110-3,
BG-TC90X110-4,
BG-SLFTENTCARD,
BG-SLFTDSKPLATE,
DS-40,
DS-36,
KT-EDGE-RJ,
KT-EDGE-RC,
KT-REC-R,
KT-REC-RJ,
KT-REC-RC,
GHR4-BLUE,
GHR4-GRAY,
GHR4-GREEN,
GHR4-ORANGE,
GHR4-RED,
GHR4-WHITE,
GHR4-YELLOW,
GHR6-BLUE,
GHR6-GRAY,
GHR6-GREEN,
GHR6-ORANGE,
GHR6-RED,
GHR6-WHITE,
GHR6-YELLOW,
QHR4-BLUE,
QHR4-GREEN,
QHR4-ORANGE,
QHR4-RED,
QHR4-WHITE,
QHR4-YELLOW,
QHR6-BLUE,
QHR6-GREEN,
QHR6-ORANGE,
QHR6-RED,
QHR6-WHITE,
QHR6-YELLOW,
QHR4-GRAY,
QHR6-GRAY,
AP1-0100-N0,
AP1-0111-N0,
AP1-0120-N0,
AP1-0160-N0,
AP1-0172-N0,
AP1-0190-N0,
AT1-10-N0,
AT1-11-N0,
AT1-20-N0,
AT1-40-N0,
AT1-72-N0,
AT1-90-N0,
GX0-0110ID-N0,
GX0-0111ID-N0,
GX0-0120ID-N0,
GX0-0121ID-N0,
IN-0100-N0,
IN-0105-N0,
IN-0120-N0,
IN-0140-N0,
IN-0160-N0,
IN-0190-N0,
MIR01-10ID-N0,
MIR01-11ID-N0,
MIR01-20ID-N0,
MIR01-21ID-NO,
MIR01-40ID-N0,
MIR01-60ID-N0,
MIR01-90ID-N0,
OC110-0125-N0,
OC110-0005-N0,
OC110-0161-N0,
OC110-0167-N0,
OC411-0105-N0,
OC411-0120-N0,
OC411-0176-N0,
OC411-0177-N0,
OC411-0178-N0,
OC50-5100-N0,
OC50-5120-N0,
OC50-5161-N0,
OC53-1100-N0,
OC53-1120-N0,
OC53-1150-N0,
OC53-1161-N0,
OC53-1172-N0,
OS-CL110-N0,
OS-CL117-N0,
OS-CL110AF-N0,
OS-LW210AF-N0,
OS-LW212AF-N0,
OS-LW212-N0,
OS-LW213-N0,
OS-LW217-N0,
OS-LW218-N0,
RS1-10-N0,
RS1-11-N0,
RS1-20-N0,
RS1-61-N0,
EWL-BEAD,
EWL-RING,
529-TR-ORG,Y939161
2138-5260,Y4564737
WB-34-M,
DSW-58-BLK,
DSW-58-WHT,
WW-38,
WB-34-S,
WB-38-L,
WB-38-M,
WB-38-S,
WB-58-L,
WB-58-S,
WB-58-M,
WK-34,
WK-58,
WK-38,
WB-34-L,
5751,Y4567720
C05751,VC-Y3209063
PH10-38,
ELSS-38,
PH10-GI-38,
2T10-38,
PH10-58,
ELSS-58,
PH10-GI-58,
2T10-58,
PH10-34,
ELSS-34,
PH10-GI-34,
2T10-34,
GLT-34,
PH10-1,
ELSS-1,
PH10-GI-1,
2T10-1,
PD10-38,
PD10-58,
PD10-34,
PD10-1,
ELDS-38,
ELDS-58,
ELDS-34,
ELDS-1,
PW10-38,
PW10-58,
PW10-34,
PW10-1,
PW2T10-38,
PW2T10-58,
PW2T10-34,
PW2T10-1,
DYES-PL38,
DYES-PL38-5,
DYES-PL58-5,
DYES-PL58,
DYES-PL34,
DYES-BL38,
DYES-BL58,
DYES-BL34,
DYES-BL38-5,
DYES-BL58-5,
RIB10-38,
RIB10-58,
PD-SREF1-58,
PD-SREF1-34,
PD50-5,
PD60-5,
PH10-38-EX,
PH10-58-EX,
PH10-34-EX,
PH10-1-EX,
ELSS-38-EX,
ELSS-58-EX,
ELSS-34-EX,
ELSS-1-EX,
PD10-38-EX,
PD10-58-EX,
PD10-34-EX,
PD10-1-EX,
ELDS-38-EX,
ELDS-58-EX,
ELDS-34-EX,
ELDS-1-EX,
PV10-5,
PV10,
PV50-5,
PV50,
2138-7006,Y533842
2138-7004,Y493075
2138-7003,Y493075
PV10-5-Combo,
PV10-Combo,
BG-ASL500,
BG-ADL500,
BG-AML500,
BG-AML/MT500,
BG-ASG500,
BG-AMT500,
BG-SLFT-PR,
ADJUST-38,
ADJUST-58,
ADJUST-34,
PM10-5,
DOM-PD10-58,
DOM-PD10-34,
2138-8001,Y4613593
2138-8002,Y4613594 
2138-8006,Y4613596 
2138-8008,Y4613595
PH10-38-SLIM,
ELSS-38-SLIM,
PD10-38-SLIM,
ELDS-38-SLIM,
PW10-38-SLIM,
2138-7008,Y533842
2138-7001,Y487683
2138-8108,Y4651632
2138-8101,Y4651374
2138-8102,Y4651620
2138-8106,Y4651621
PW10-58-SLIM,
ELDS-58-SLIM,
PD10-58-SLIM,
ELSS-58-SLIM,
PH10-58-SLIM,
304-ISLC-CLR,Y493312
BG-GT460,
BG-GT460-P,
1860-500X-C,
1860-5006-C,
1860-5001-C,
1860-5003-C,
1860-5008-C,
BG-BIGBX,
2120-3900-C-DP,
2120-360X-C-DP,
1840-1611,Y4684755
1840-1612,Y4684756
CE-4P,Y4684757
2140-5401,Y4684610
2140-5403,Y4684614
2140-5402,Y4684615
2140-5406,Y4684616
2120-9001,Y4688283
2120-9002,Y4696982
2120-9008,Y4697457
2120-9006,Y4697458
2140-5408,Y4684616
2138-5302-20-PDE,Y939519
SILHSA-13-PDG,Y4802074
SILHSC-13-PDG,Y4802075
SILSBA-33-PDG,Y4802077
SILSBC-33-PDG,Y4802078
SILAMA-11-PDG,Y4802061
SILAMC-11-PDG,Y4802062
WOVLB-11-PDG,Y4802316
2138-5303,Y4874052
2138-5304,Y4874053
2138-5305,Y4874054
2120-7652,Y4874056
2120-7653,Y4874057
2120-7654,
