sku,pv_partno
3970,3970
3981,3981
4081,4081
4082,4082
4083,4083
4084,4084
4085,4085
4086,4086
4101,4101
4301,4301
5128,5128
5139,5139
5141,5141
5143,5143
5148,5148
5194,5194
5195,5195
5196,5196
5198,5198
5199,5199
5200,5200
5201,5201
5202,5202
5203,5203
5258,5258
5401,5401
5568,5568
5587,5587
5661,5661
5826,5826
6520,6520
6521,6521
6522,6522
6523,6523
6524,6524
6525,6525
6526,6526
6527,6527
6528,6528
6529,6529
6530,6530
6531,6531
6532,6532
6533,6533
6534,6534
6535,6535
6537,6537
6538,6538
6539,6539
6540,6540
6541,6541
6542,6542
6543,6543
6544,6544
6545,6545
6546,6546
6547,6547
6548,6548
6549,6549
6550,6550
6551,6551
6552,6552
6553,6553
6554,6554
6555,6555
6556,6556
6557,6557
6558,6558
6559,6559
6560,6560
6703,6703
6704,6704
6705,6705
6706,6706
6707,6707
6708,6708
6709,6709
6845,6845
6853,6853
6855,6855
6856,6856
8075,8075
8080,8080
8106,8106
8107,8107
8108,8108
8109,8109
8124,8124
8140,8140
8141,8141
8143,8143
8169,8169
8177,8177
8188,8188
106-J,106-J
106-JL,106-JL
106-N,106-N
106-T1,106-T1
1810-1000,PV-18101000
1810-1400,PV-18101400
1815-1000,PV-18151000
1815-1010,PV-18151010
1815-1100,PV-18151100
1815-1120,PV-18151120
1815-1121,PV-18151121
1815-1123,106-T1
1815-1124,106-N
1815-1125,106-J
1815-1126,106-JL
1815-1200,PV-18151200
1815-1400,PV-18151400
1815-1405,PV-18151405
1815-1450,PV-18151450
1815-1455,PV-18151455
1820-1000,PV-18201000
1820-1001,PV-18201001
1820-1002,PV-18201002
1820-1003,PV-18201003
1820-1004,PV-18201004
1820-1005,PV-18201005
1820-1006,PV-18201006
1820-1008,PV-18201008
1820-1009,PV-18201009
1820-1050,PV-18201050
1820-1051,PV-18201051
1820-1052,PV-18201052
1820-1054,PV-18201054
1820-1055,PV-18201055
1820-1056,PV-18201056
1820-1058,PV-18201058
1820-1059,PV-18201059
1820-1200,PV-18201200
1820-1201,PV-18201201
1820-1202,PV-18201202
1820-1204,PV-18201204
1820-1205,PV-18201205
1820-1206,PV-18201206
1820-1208,PV-18201208
1820-1209,PV-18201209
1820-3002,407-N-RBLU
1820-3005,407-N-ORG
1820-3006,407-N-RED
1820-3008,407-N-WHT
1820-3009,407-N-YLW
1840-1600,PV-18401600
1840-1605,PV-18401605
1840-1610,PV-18401610
1840-3080,PV-18403080
1840-3081,PV-18403081
1840-3082,PV-18403082
1840-3084,PV-18403084
1840-3086,PV-18403086
1840-3088,PV-18403088
1840-3089,PV-18403089
1840-3600,VM-1
1840-3650,VM-3H
1840-5010,PV-18405010
1840-5015,PV-18405015
1840-5017,PV-18405017
1840-5052,PV-18405052
1840-5057,PV-18405057
1840-5060,PV-18405060
1840-5150,506-35FS
1840-6000,PV-18406000
1840-6200,PV-18406200
1840-6201,PV-18406201
1840-6202,PV-18406202
1840-6204,PV-18406204
1840-6206,PV-18406206
1840-6208,PV-18406208
1840-6209,PV-18406209
1840-6210,PV-18406210
1840-6211,PV-18406211
1840-6212,PV-18406212
1840-6213,PV-18406213
1840-6214,PV-18406214
1840-6500,726-SN
1840-6550,706-N2
1840-6610,PV-18406610
1840-7000,PV-18407000
1840-7010,PV-18407010
1840-7100,PV-18407100
1840-7110,PV-18407110
1840-7201,PV-18407201
1840-7321,PV-18407321
1840-9000,PV-18409000
1845-2001,PV-18452001
1845-2002,PV-18452002
1845-2004,PV-18452004
1845-2006,PV-18452006
1845-2008,PV-18452008
1845-2009,PV-18452009
1860-2501,PV-18602501
1860-2502,PV-18602502
1860-2506,PV-18602506
1860-2601,PV-18602601
1860-2602,PV-18602602
1860-2801,PV-18602801
1860-2802,PV-18602802
1860-2804,PV-18602804
1860-2805,PV-18602805
1860-2806,PV-18602806
1860-2808,PV-18602808
1860-2809,PV-18602809
1860-2901,PV-18602901
1860-2902,PV-18602902
1860-2904,PV-18602904
1860-2905,PV-18602905
1860-2906,PV-18602906
1860-2908,PV-18602908
1860-2909,PV-18602909
1860-3001,PV-18603001
1860-3002,PV-18603002
2105-1985,505-SD
2105-1993,505-A
2105-2000,PV-21052000
2105-2001,PV-21052001
2105-2002,PV-21052002
2105-2004,PV-21052004
2105-2006,PV-21052006
2105-2008,PV-21052008
2105-2009,PV-21052009
2105-2045,PV-21052045
2105-2100,PV-21052100
2105-3011,505-R
2105-3370,505-SDP
2110-1213,PV-21101213
2115-2001,PV-21152001
2115-2002,PV-21152002
2115-2004,PV-21152004
2115-2005,PV-21152005
2115-2006,PV-21152006
2115-2008,PV-21152008
2115-2009,PV-21152009
2120-3001,PV-21203001
2120-3002,PV-21203002
2120-3004,PV-21203004
2120-3006,PV-21203006
2120-3008,PV-21203008
2120-3020,PV-21203020
2120-3030,2120-3030
2120-3031,PV-21203031
2120-3032,PV-21203032
2120-3034,PV-21203034
2120-3036,PV-21203036
2120-3038,PV-21203038
2120-3039,PV-21203039
2120-3040,PV-21203040
2120-3050,PV-21203050
2120-3051,PV-21203051
2120-3052,PV-21203052
2120-3053,PV-21203053
2120-3057,PV-21203057
2120-3300,PV-21203300
2120-3305,PV-21203305
2120-3310,505-HD-BLKCRM
2120-3325,PV-21203325
2120-3375,PV-21203375
2120-3400,PV-21203400
2120-3600,PV-21203600
2120-3602,PV-21203602
2120-3604,PV-21203604
2120-3605,PV-21203605
2120-3606,PV-21203606
2120-3609,PV-21203609
2120-3613,PV-21203613
2120-3821,PV-21203821
2120-4001,PV-21204001
2120-4101,750-I-BLK
2120-4702,PV-21204702
2120-5701,PV-21205701
2120-5712,PV-21205712
2120-7025,PV-21207025
2120-7026,PV-21207026
2120-7027,PV-21207027
2120-7028,PV-21207028
2120-7060,PV-21207060
2120-7062,PV-21207062
2120-7501,PV-21207501
2120-7601,PV-21207601
2120-7602,PV-21207602
2120-7606,PV-21207606
2120-7608,PV-21207608
2120-7616,PV-21207616
2120-7617,PV-21207617
2120-7618,2120-7618
2120-7621,PV-21207621
2120-7622,PV-21207622
2120-7623,PV-21207623
2120-7624,PV-21207624
2120-7625,PV-21207625
2120-7626,PV-21207626
2120-7630,PV-21207630
2120-7640,PV-21207640
2120-7641,PV-21207641
2120-7642,PV-21207642
2120-7643,PV-21207643
2120-7644,PV-21207644
2124-3028,PV-21243028
2124-3029,PV-21243029
2124-3031,PV-21243031
2124-3032,PV-21243032
2124-3038,PV-21243038
2125-2000,PV-21252000
2135-3001,PV-21353001
2135-3002,PV-21353002
2135-3003,PV-21353003
2135-3004,PV-21353004
2135-3005,PV-21353005
2135-3006,PV-21353006
2135-3008,PV-21353008
2135-3009,PV-21353009
2135-3013,PV-21353013
2135-3014,PV-21353014
2135-3016,PV-21353016
2135-3017,PV-21353017
2135-3101,PV-21353101
2135-3102,PV-21353102
2135-3103,PV-21353103
2135-3104,PV-21353104
2135-3105,PV-21353105
2135-3106,PV-21353106
2135-3108,PV-21353108
2135-3109,PV-21353109
2135-3113,PV-21353113
2135-3114,PV-21353114
2135-3116,PV-21353116
2135-3117,PV-21353117
2135-3251,PV-21353251
2135-3252,PV-21353252
2135-3253,PV-21353253
2135-3254,PV-21353254
2135-3255,PV-21353255
2135-3256,PV-21353256
2135-3258,PV-21353258
2135-3259,PV-21353259
2135-3263,PV-21353263
2135-3264,PV-21353264
2135-3266,PV-21353266
2135-3267,PV-21353267
2135-3501,PV-21353501
2135-3502,PV-21353502
2135-3503,PV-21353503
2135-3504,PV-21353504
2135-3505,PV-21353005
2135-3506,PV-21353506
2135-3508,PV-21353508
2135-3509,PV-21353509
2135-3513,PV-21353513
2135-3514,PV-21353514
2135-3516,PV-21353516
2135-3517,PV-21353517
2135-3551,PV-21353551
2135-3552,PV-21353552
2135-3553,PV-21353553
2135-3554,PV-21353554
2135-3555,PV-21353555
2135-3556,PV-21353556
2135-3558,PV-21353558
2135-3559,PV-21353559
2135-3563,PV-21353563
2135-3564,PV-21353564
2135-3566,PV-21353566
2135-3567,PV-21353567
2135-3651,PV-21353651
2135-3652,PV-21353652
2135-3653,PV-21353653
2135-3654,PV-21353654
2135-3655,PV-21353655
2135-3656,PV-21353656
2135-3658,PV-21353658
2135-3659,PV-21353659
2135-3663,PV-21353663
2135-3664,PV-21353664
2135-3666,PV-21353666
2135-3667,PV-21353667
2135-4501,PV-21354501
2135-4502,PV-21354502
2135-4503,PV-21354503
2135-4504,PV-21354504
2135-4506,PV-21354506
2135-4509,PV-21354509
2135-4510,PV-21354510
2135-4511,PV-21354511
2135-4512,PV-21354512
2135-4513,PV-21354513
2135-4514,PV-21354514
2135-4517,PV-21354517
2135-4518,PV-21354518
2135-4519,PV-21354519
2135-4520,PV-21354520
2135-4521,PV-21354521
2135-4522,PV-21354522
2135-4533,PV-21354533
2135-4535,PV-21354535
2135-4541,PV-21354541
2135-4542,PV-21354542
2135-4544,PV-21354544
2135-4545,PV-21354545
2135-4546,PV-21354546
2135-4573,PV-21354573
2135-4574,PV-21354574
2135-4575,PV-21354575
2135-4576,PV-21354576
2135-4578,PV-21354578
2135-4581,PV-21354581
2135-4582,PV-21354582
2135-4583,PV-21354583
2135-4584,PV-21354584
2135-4586,PV-21354586
2135-4589,PV-21354589
2135-4590,PV-21354590
2135-4591,PV-21354591
2135-4592,PV-21354592
2135-4594,PV-21354594
2135-4613,PV-21354613
2135-4614,PV-21354614
2135-4615,PV-21354615
2135-4616,PV-21354616
2135-4618,PV-21354618
2135-4645,PV-21354645
2135-4646,PV-21354646
2135-4647,PV-21354647
2135-4648,PV-21354648
2135-4653,PV-21354653
2135-4654,PV-21354654
2135-4655,PV-21354655
2135-4656,PV-21354656
2135-4661,PV-21354661
2135-4662,PV-21354662
2135-4663,PV-21354663
2135-4664,PV-21354664
2135-4677,PV-21354677
2135-4678,PV-21354678
2135-4685,PV-21354685
2135-4686,PV-21354686
2135-4687,PV-21354687
2135-4688,PV-21354688
2136-3405,PV-21363405
2136-3406,PV-21363406
2136-3407,PV-21363407
2136-3501,PV-21363501
2136-3502,PV-21363502
2136-3503,PV-21363503
2136-3504,PV-21363504
2136-3505,PV-21363505
2136-3506,PV-21363506
2136-3508,PV-21363508
2136-3509,PV-21363509
2136-3513,PV-21363513
2136-3514,PV-21363514
2136-3516,PV-21363516
2136-3517,PV-21363517
2136-3551,PV-21363551
2136-3552,PV-21363552
2136-3553,PV-21363553
2136-3554,PV-21363554
2136-3555,PV-21363555
2136-3556,PV-21363556
2136-3558,PV-21363558
2136-3559,PV-21363559
2136-3563,PV-21363563
2136-3564,PV-21363564
2136-3566,PV-21363566
2136-3567,PV-21363567
2136-3651,PV-21363651
2136-3652,PV-21363652
2136-3653,PV-21363653
2136-3654,PV-21363654
2136-3655,PV-21363655
2136-3656,PV-21363656
2136-3658,PV-21363658
2136-3659,PV-21363659
2136-3663,PV-21363663
2136-3664,PV-21363664
2136-3666,PV-21363666
2136-3667,PV-21363667
2137-2001,PV-21372001
2137-2002,PV-21372002
2137-2003,PV-21372003
2137-2006,PV-21372006
2137-2008,PV-21372008
2137-2037,PV-21372037
2137-2038,PV-21372038
2137-2039,PV-21372039
2137-2045,PV-21372045
2137-2046,PV-21372046
2137-2047,PV-21372047
2137-2048,PV-21372048
2137-2049,PV-21372049
2137-2050,PV-21372050
2137-2051,PV-21372051
2137-2052,PV-21372052
2137-2053,PV-21372053
2137-2054,PV-21372054
2137-2055,PV-21372055
2137-2056,PV-21372056
2137-2057,PV-21372057
2137-2058,PV-21372058
2137-2060,PV-21372060
2137-2061,PV-21372061
2137-2062,PV-21372062
2137-2063,PV-21372063
2137-2064,PV-21372064
2137-2065,PV-21372065
2137-2066,PV-21372066
2137-2067,PV-21372067
2137-2068,PV-21372068
2137-3651,PV-21373651
2137-3652,PV-21373652
2137-3653,PV-21373653
2137-3654,PV-21373654
2137-3655,PV-21373655
2137-3656,PV-21373656
2137-3658,PV-21373658
2137-3659,PV-21373659
2137-3663,PV-21373663
2137-3664,PV-21373664
2137-3666,PV-21373665
2137-3667,PV-21373667
2137-3771,PV-21373771
2137-4035,PV-21374035
2137-4040,PV-21374040
2137-4060,PV-21374060
2137-4080,PV-21374080
2137-4110,PV-21374110
2137-4125,PV-21374125
2137-4130,PV-21374130
2137-4743,PV-21374743
2137-4746,PV-21374746
2137-4753,PV-21374753
2137-5001,PV-21375001
2137-5002,PV-21375002
2137-5003,PV-21375003
2137-5004,PV-21375004
2137-5005,PV-21375005
2137-5006,PV-21375006
2137-5008,PV-21375008
2137-5009,PV-21375009
2137-5013,PV-21375013
2137-5014,PV-21375014
2137-5018,PV-21375018
2137-5035,PV-21375035
2137-6001,PV-21376001
2137-6002,PV-21376002
2137-6003,PV-21376003
2137-6004,PV-21376004
2137-6005,PV-21376005
2137-6006,PV-21376006
2137-6008,PV-21376008
2137-6009,PV-21376009
2137-6013,PV-21376013
2137-6014,PV-21376014
2137-6018,PV-21376018
2137-6035,PV-21376035
2138-3651,PV-21383651
2138-3652,PV-21383652
2138-3653,PV-21383653
2138-3654,PV-21383654
2138-3655,PV-21383655
2138-3656,PV-21383656
2138-3658,PV-21383658
2138-3659,PV-21383659
2138-3663,PV-21383663
2138-3664,PV-21383664
2138-3666,PV-21383666
2138-3667,PV-21383667
2138-4781,PV-21384781
2138-5001,PV-21385001
2138-5002,PV-21385002
2138-5003,PV-21385003
2138-5004,PV-21385004
2138-5005,PV-21385005
2138-5006,PV-21385006
2138-5008,PV-21385008
2138-5009,PV-21385009
2138-5013,PV-21385013
2138-5014,PV-21385014
2138-5018,PV-21385018
2138-5035,PV-21385035
2138-5081,PV-21385081
2138-5200,PV-21385200
2138-5210,PV-21385210
2138-5220,PV-21385220
2138-5225,PV-21385225
2138-5230,PV-21385230
2138-5286,PV-21385286
2138-5288,AWR-34S-PNK
2138-5290,AWR-34S-PURP
2138-6001,PV-21386001
2138-6002,PV-21386002
2138-6003,PV-21386003
2138-6004,PV-21386004
2138-6005,PV-21386005
2138-6006,PV-21386006
2138-6008,PV-21386008
2138-6009,PV-21386009
2138-6013,PV-21386013
2138-6014,PV-21386014
2138-6018,PV-21386018
2138-6035,PV-21386035
2140-1000,PV-21401000
2140-1520,PV-21401520
2140-1540,PV-21401540
2140-6001,PV-21406001
2140-6002,PV-21406002
2140-6004,PV-21406004
2140-6006,PV-21406006
2140-6008,PV-21406008
2140-6301,505-WSR-BLK
2140-6302,505-WSR-RBLU
2140-6308,505-WSR-WHT
2145-1001,PV-21451001
2145-2001,PV-21452001
2145-2002,PV-21452002
2145-2013,PV-21452013
2410-2000,PV-24102000
2410-2001,PV-24102001
2410-2002,PV-24102002
2410-2004,PV-24102004
2410-2006,PV-24102006
2410-2008,PV-24102008
2410-2100,PV-24102100
2410-2101,PV-24102101
2410-2102,PV-24102102
2410-2104,PV-24102104
2410-2106,PV-24102106
2410-2108,PV-24102108
304-J21,304-J21
304-JC,304-JC
304-JH,304-JH
304-JP,304-JP
304-T1C,304-T1C
304-T1H,304-T1H
306-2P46,306-2P46
306-357,306-357
306-4258,306-4258
306-46,306-46
306-4755,306-4755
406-J-BLK,406-J-BLK
406-J-CLR,406-J-CLR
406-J-GRN,406-J-GRN
406-J-RBLU,406-J-RBLU
406-J-RED,406-J-RED
406-J-WHT,406-J-WHT
406-J-YLW,406-J-YLW
407-N-GRN,407-N-GRN
407-T-BLK,407-T-BLK
407-T-RBLU,407-T-RBLU
407-T-RED,407-T-RED
504-AR1B,504-AR1B
504-AR1W,504-AR1W
504-ARFB,504-ARFB
504-ARFW,504-ARFW
504-ARNB,504-ARNB
504-ARNO,504-ARNO
504-ARNW,504-ARNW
504-ARZB,504-ARZB
504-ARZW,504-ARZW
504-BG,504-BG
504-F,504-F
504-FS,504-FS
504-HC1,504-HC1
504-HC2,504-HC2
504-J,504-J
504-JL,504-JL
504-N,504-N
504-T1,504-T1
504-T1L,504-T1L
505-A,505-A
505-CC-BLK,505-CC-BLK
505-CC-RBLU,PV-21452002
505-CL-BLK,CSPL-2145-01
505-HD-CRM,505-HD-CRM
505-HW-BLKCRM,505-HW-BLKCRM
505-HW-CRM,505-HW-CRM
505-M,505-M
505-MB-BLK,505-MB-BLK
505-MB-DKGRY,505-MB-DKGRY
505-MB-RBLU,505-MB-RBLU
505-MB-WHT,505-MB-WHT
505-NC,505-NC
505-SD,505-SD
505-WSR-BLK,505-WSR-BLK
505-WSR-RBLU,505-WSR-RBLU
505-WSR-WHT,505-WSR-WHT
506-35625,506-35625
506-35875,506-35875
506-4258,506-4258
506-46,506-46
506-J,506-J
506-N,506-N
506-N2,506-N2
506-T1,506-T1
506-T2,506-T2
506-ZHKR,506-ZHKR
506-ZHOS,506-ZHOS
506-ZHOS-CLR,506-ZHOS-CLR
506-ZS,506-ZS
509-MB-BLK,509-MB-BLK
509-MB-RBLU,509-MB-RBLU
509-MF-BLK,509-MF-BLK
525-I-BLK,PV-21203031
525-I-DKGRY,525-I-DKGRY
525-IK6-BLK,525-IK6-BLK
525-I-ORG,525-I-ORG
525-I-RBLU,525-I-RBLU
525-I-RED,525-I-RED
525-ISR-BLK,525-ISR-BLK
525-I-WHT,525-I-WHT
525-TR-CLR,525-TR-CLR
525-TR-GRN,525-TR-GRN
525-TR-ORG,525-TR-ORG
525-TR-PURP,525-TR-PURP
525-TR-RBLU,525-TR-RBLU
525-TR-RED,525-TR-RED
525-TR-YLW,525-TR-YLW
529-TR-CLR,529-TR-CLR
529-TR-GRN,529-TR-GRN
529-TR-RBLU,529-TR-RBLU
529-TR-RED,529-TR-RED
530-I-WHT,530-I-WHT
5705-3500,PV-57053500
5705-3542,PV-57053542
5710-1108,PV-57101108
5710-3050,PV-57103050
5710-3058,PV-57103058
5730-3000,PV-57303000
5730-3010,PV-57303010
5730-3040,PV-57303040
580-TR-RED,PV-21207616
605-I-BLK,605-I-BLK
605-I-DKGRY,605-I-DKGRY
605-I-RBLU,605-I-RBLU
605-I-RED,605-I-RED
605-I-WHT,605-I-WHT
605-TR-GRN,605-TR-GRN
605-TR-RBLU,605-TR-RBLU
605-TR-RED,605-TR-RED
609-I-BLK,609-I-BLK
609-IK6-BLK,609-IK6-BLK
609-I-RBLU,609-I-RBLU
609-I-WHT,609-I-WHT
609-TR-RBLU,609-TR-RBLU
609-TR-RED,609-TR-RED
6920-1702,PV-69201702
6920-1763,PV-69201763
6920-1783,PV-69201783
6920-2209,PV-69202209
6920-2350,PV-69202350
6920-3100,CA-1-CLR
704-CB-BLK,704-CB-BLK
704-CB-RBLU,704-CB-RBLU
704-CB-RED,704-CB-RED
704-CB-WHT,704-CB-WHT
704-TR-GRN,704-TR-GRN
704-TR-PURP,704-TR-PURP
704-TR-RBLU,704-TR-RBLU
704-TR-RED,704-TR-RED
706-LT1,706-LT1
706-N,706-N
706-N2,706-N2
706-T1,706-T1
726-CSN,726-CSN
726-CT1,726-CT1
726-SN,726-SN
726-T1,726-T2
736-N,736-N
905-GC-CRM,905-GC-CRM
905-I-BLK,905-I-BLK
905-IK6-BLK,905-IK6-BLK
905-I-RBLU,905-I-RBLU
905-I-WHT,905-I-WHT
905-TR-RBLU,905-TR-RBLU
909-I-BLK,909-I-BLK
909-I-RBLU,909-I-RBLU
909-I-WHT,909-I-WHT
909-TR-RBLU,909-TR-RBLU
AWR-34S-PNK,AWR-34S-PNK
AWR-34S-PURP,AWR-34S-PURP
BL-34H-BLK,BL-34H-BLK
BL-34S-BLK,BL-34S-BLK
BL-545-BLK,BL-545-BLK
BL-545-RBLU,BL-545-RBLU
CW-2-BLK,CW-2-BLK
CW-3-BLK,CW-3-BLK
CW-6-BLK,CW-6-BLK
CW-6-RBLU,CW-6-RBLU
FF-34H-BLK,FF-34H-BLK
K-6,K-6
LZ-6,LZ-6
LZ-8,LZ-8
NF-9C-BLK,NF-9C-BLK
NF-9C-GRN,NF-9C-GRN
NF-9C-NBLU,NF-9C-NBLU
NF-9C-RBLU,NF-9C-RBLU
NF-9C-RED,NF-9C-RED
NF-9C-WHT,NF-9C-WHT
NF-9R-BLK,NF-9R-BLK
NF-9R-GRN,NF-9R-GRN
NF-9R-NBLU,NF-9R-NBLU
NF-9R-RBLU,NF-9R-RBLU
NF-9R-RED,NF-9R-RED
NF-9R-WHT,NF-9R-WHT
NF-9S-BLK,NF-9S-BLK
NF-9S-GRN,NF-9S-GRN
NF-9S-NBLU,NF-9S-NBLU
NF-9S-RBLU,NF-9S-RBLU
NF-9S-RED,NF-9S-RED
NF-9S-WHT,NF-9S-WHT
PPP-1,PPP-1
R504-ARNO,R504-ARNO
R504-ARNR,R504-ARNR
R504-ARNY,R504-ARNY
SKR-1,SKR-1
VM-1,VM-2
VM-3H,VM-3H
5513,5513
5514,5514
2138-5282,PV-21385282
2138-5281,PV-21385281
704-CLP-BLK,704-CLP-BLK
704-CLP-RED,704-CLP-RED
704-CLP-RBLU,704-CLP-RBLU
704-CLP-WHT,704-CLP-WHT
304-MAG,304-MAG
506-456,506-456
1840-3101,826-TN-BLK
2137-2004,PV-21372004
2137-2005,PV-21372005
2137-2007,PV-21372007
2137-2009,PV-21372009
2137-2010,PV-21372010
2137-2011,PV-21372011
2137-2012,PV-21372012
2137-2013,PV-21372013
2137-2014,PV-21372014
2137-2015,PV-21372015
2137-2016,PV-21372016
2137-2017,PV-21372017
2137-2018,PV-21372018
2137-2019,PV-21372019
2137-2020,PV-21372020
2137-2021,PV-21372021
2137-2022,PV-21372022
2137-2023,PV-21372023
2137-2024,PV-21372024
2137-2025,PV-21372025
2137-2026,PV-21372026
2137-2027,PV-21372027
2137-2028,PV-21372028
2137-2029,PV-21372029
2137-2030,PV-21372030
2137-2033,PV-21372033
2137-2034,PV-21372034
2137-2035,PV-21372035
2137-2036,PV-21372036
1860-4000,PV-18604000
1860-4001,PV-18604001
1860-4003,PV-18604003
2138-7005,PV-21387005
2138-7007,PV-21387007
2138-7009,PV-21387009
2138-7010,PV-21387010
1860-4006,PV-18604006
706-RNG,706-RNG
RHN-BLU,RHN-BLU
RHN-CLR,RHN-CLR
RHN-PNK,RHN-PNK
704-CB-GRN,704-CB-GRN
704-CB-PNK,704-CB-PNK
2120-3902,PV-21203902
2120-3901,PV-21203901
2120-3906,PV-21203906
2120-3908,PV-21203908
2120-3900,PV-21203900
2124-3050,PV-21243050
5721,5721
5741,5741
2138-6281,PV-21386281
2138-6283,PV-21386283
2138-6284,PV-21386284
2138-6285,PV-21386285
6196,6196
2120-3081,PV-21203081
2120-3082,PV-21203082
2120-3083,PV-21203083
2120-3084,PV-21203084
2120-3085,PV-21203085
2138-5043,PV-21385043
2138-5044,PV-21385044
2138-5045,PV-21385045
2138-5048,PV-21385048
2138-5049,PV-21385049
2138-5050,PV-21385050
RHN-BLK,RHN-BLK
RHN-RED,RHN-RED
RHN-PURP,RHN-PURP
2135-3021,PV-21353021
2135-3022,PV-21353022
2135-3023,PV-21353023
2135-3026,PV-21353026
2135-3029,PV-21353029
2137-3001,PV-21373001
2137-3002,PV-21373002
2137-3006,PV-21373006
2136-3403,PV-21363403
2136-3404,PV-21363404
2136-3408,PV-21363408
2120-7801,PV-21207801
2120-7802,PV-21207802
2120-7808,PV-21207808
2120-7810,PV-21207810
2120-8001,PV-21208001
2120-8002,PV-21208002
2120-8008,PV-21208008
2120-8010,PV-21208010
2120-8011,2120-8011
2120-8012,2120-8012
1860-5001,PV-18605001
1860-5003,PV-18605003
1860-5006,PV-18605006
1860-5008,PV-18605008
1840-5091,PV-18405091
1840-5092,PV-18405092
1809-1200,PV-18091200
1809-1000,PV-18091000
304-BC,304-BC
504-T1LB,504-T1LB
2105-2093,PV-2105-2093
UBAND1K-6,UBAND1K-6
UBAND1K-7,UBAND1K-7
UBAND1K-8,UBAND1K-8
704-CB-PNKRIB,704-CB-PNKRIB
1840-6640,PV-18406640
1840-6641,PV-18406641
1840-6642,PV-18406642
1840-6647,PV-18406647
1840-6648,PV-18406648
1840-6650,PV-18406650
1840-6651,PV-18406651
1840-6652,PV-18406652
1840-6657,PV-18406657
1840-6658,PV-18406658
1815-1451,PV-18151451
1815-1401,PV-18151401
2120-7632,PV-21207632
2138-3621,PV-21383621
2138-3622,PV-21383622
2138-3623,PV-21383623
2138-3624,PV-21383624
2138-3626,PV-21383626
2138-3628,PV-21383628
UBAND-BLU-PRX-XX,UBAND-BLU-PRX-XX
UBAND-BLK-PRX-XX,UBAND-BLK-PRX-XX
504-NITTS,504-NITTS
504-T1LS,504-T1LS
2138-5240,PV-21385240
8178,8178
8179,8179
C05721,C05721
C05741,C05741
1840-6661,PV-18406661
1840-6662,PV-18406662
1840-6667,PV-18406667
1840-6668,PV-18406668
1840-6671,PV-18406671
1840-6672,PV-18406672
1840-6677,PV-18406677
1840-6678,PV-18406678
304-CB-PUR,304-CB-PUR
304-CB-BLU,304-CB-BLU
304-CB-RED,304-CB-RED
304-CB-ORG,304-CB-ORG
304-CB-YLW,304-CB-YLW
304-CB-GRN,304-CB-GRN
1860-2701,PV-18602701
1860-2702,PV-18602702
1860-2704,PV-18602704
1860-2705,PV-18602705
1860-2706,PV-18602706
1860-2709,PV-18602709
1840-1700,PV-18401700
2137-2040,PV-21372040
2137-2041,PV-21372041
2140-5301,PV-21405301
2140-5302,PV-21405302
2140-5303,PV-21405303
2140-5304,PV-21405304
2140-5306,PV-21405306
2140-5308,PV-21405308
1840-5084,PV-18405084
2105-4001,PV-21054001
2105-4002,PV-21054002
2105-4008,PV-21054008
2105-4101,PV-21054101
2105-4102,PV-21054102
2105-4108,PV-21054108
1815-1600,1815-1600
2125-2010,PV-21252010
2138-7283,PV-21387283
2138-7284,PV-21387284
2138-7288,PV-21387288
2138-7289,PV-21387289
505-A-TW,505-A-TW
T2003,T2003
T2004,T2004
T2005,T2005
T2011,T2011
T2011L,T2011L
T2014,T2014
T2015,T2015
T2020,T2020
T2020L,T2020L
T3971A,T3971A
T3983A,T3983A
T4102A,T4102A
T4103A,T4103A
T5595A,T5595A
T5812A,T5812A
T5902A,T5902A
T5902AL,T5902AL
T5903A,T5903A
T5903AL,T5903AL
T5904A,T5904A
T5904AL,T5904AL
T5905A,T5905A
T5905AL,T5905AL
T5906A,T5906A
T5906AL,T5906AL
T5907A,T5907A
T5913A,T5913A
T5913AL,T5913AL
T5915A,T5915A
T5915AL,T5915AL
T5937A,T5937A
T5937AL,T5937AL
T5938A,T5938A
T5938AL,T5938AL
T6027A,T6027A
T6027AL,T6027AL
T6031A,T6031A
T6031AL,T6031AL
T6032A,T6032A
T6032AL,T6032AL
T6054A,T6054A
T6056A,T6056A
T6057A,T6057A
T6059A,T6059A
T6103,T6103
T6104,T6104
T6105,T6105
T6117,T6117
T6118,T6118
T6119,T6119
T6122,T6122
T6128,T6128
T6132,T6132
T6134,T6134
T6136,T6136
T6145,T6145
T6151,T6151
T6151L,T6151L
T6203,T6203
T6205,T6205
T6214,T6214
T6218,T6218
T6219,T6219
T6222,T6222
T6232,T6232
T6234,T6234
T6236,T6236
T6251,T6251
T6251L,T6251L
T6303,T6303
T6305,T6305
T6317,T6317
T6318,T6318
T6319,T6319
T6322,T6322
T6328,T6328
T6332,T6332
T6334,T6334
T6336,T6336
T6351,T6351
T6351L,T6351L
T6403,T6403
T6404,T6404
T6417,T6417
T6418,T6418
T6419,T6419
T6422,T6422
T6426,T6426
T6427,T6427
T6428,T6428
T6429,T6429
T6451,T6451
T6451L,T6451L
T7020,T7020
T7021,T7021
T7023,T7023
T7027,T7027
CW-2-PNK,CW-2-PNK
CW-2-RED,CW-2-RED
CW-2-WHT,CW-2-WHT
9000-1000,BG-90001000
WS-7-DGORG-1,WS-7-DGORG-1
WS-7-DGYLW-1,WS-7-DGYLW-1
WS-7-DGPNK-1,WS-7-DGPNK-1
WS-7-DGLIME-1,WS-7-DGLIME-1
WS-7-DGRED-1,WS-7-DGRED-1
WS-7-WHT-1,WS-7-WHT-1
WS-7-BLK-1,WS-7-BLK-1
WS-7-PLTNM-1,WS-7-PLTNM-1
WS-7-HGLD-1,WS-7-HGLD-1
WS-7-WNTWHT-1,WS-7-WNTWHT-1
WS-7-LBLU-1,WS-7-LBLU-1
WS-7-BLKICE-1,WS-7-BLKICE-1
WS-7-KGRN-1,WS-7-KGRN-1
WS-7-CRBRY-1,WS-7-CRBRY-1
WS-7-SLVR-1,WS-7-SLVR-1
WS-7-GLD-1,WS-7-GLD-1
WS-7-TEAL-1,WS-7-TEAL-1
WS-7-NBLUE-1,WS-7-NBLUE-1
WS-7-DKGRN-1,WS-7-DKGRN-1
WS-7-HPNK-1,WS-7-HPNK-1
WS-7-WLMN-1,WS-7-WLMN-1
WS-7-TTNG-1,WS-7-TTNG-1
WS-7-EBLU-1,WS-7-EBLU-1
WS-7-GRP-1,WS-7-GRP-1
WS-7-RCKTRED-1,WS-7-RCKTRED-1
WS-7-LLIME-1,WS-7-LLIME-1
WS-4-DGORG-1,WS-4-DGORG-1
WS-4-YLW-1,WS-4-YLW-1
WS-4-DGPNK-1,WS-4-DGPNK-1
WS-4-LIME-1,WS-4-LIME-1
WS-4-WHT-1,WS-4-WHT-1
WS-4-BLU-1,WS-4-BLU-1
WS-4-RED-1,WS-4-RED-1
WS-4-GRY-1,WS-4-GRY-1
WS-4-PUR-1,WS-4-PUR-1
2120-308X-C-S,PV-2120308X-C-S
2120-308X-C-D,PV-2120308X-C-D 
2120-308X-C-DP,PV-2120308X-C-DP
2120-57XX-C-S,PV-212057XX-C-S
2120-57XX-C-D,PV-212057XX-C-D
2124-303X-C-S,PV-2124303X-C-S
2124-303X-C-D,PV-2124303X-C-D
2124-302X-C-S,PV-2124302X-C-S-ML
2124-302X-C-D,PV-2124302X-C-D-ML
2120-390X-C-S,PV-2120390X-C-S
2120-390X-C-D,PV-2120390X-C-D
2120-761X-C-S,PV-2120761X-C-S
2120-800X-C-DP,PV-212080XX-C-DP
2120-800X-C-S,PV-212080XX-C-S
2120-800X-C-D,PV-212080XX-C-D
2120-780X-C-DP,PV-212078XX-C-DP
2120-780X-C-S,PV-212078XX-C-S
2120-780X-C-D,PV-212078XX-C-D
505-HW-BLKCRM-C-S,505-HW-BLKCRM
505-HW-BLKCRM-C-D,505-HW-BLKCRM
505-HD-CRM-C-S,505-HD-CRM
505-HD-CRM-C-D,505-HD-CRM
505-HD-BLKCRM-C-S,PV-21203310
505-HD-BLKCRM-C-D,PV-21203310
2120-764X-C-D,PV-2120764X-C-D
2120-764X-C-S,PV-2120764X-C-S
2120-305X-C-S,PV-2120305X-C-S
2120-305X-C-D,PV-2120305X-C-D
2120-475X-C-D,PV-2120475X-C-D
2120-303X-C-S,PV-2120303X-C-S
2120-303X-C-D,PV-2120303X-C-D
2120-303X-C-DP,PV-2120303X-C-DP
2120-760X-C-S,PV-2120760X-C-S
2120-760X-C-D,PV-2120760X-C-D 
2120-760X-C-DP,PV-2120760X-C-DP
2120-360X-C-S,PV-2120360X-C-S
1840-6301,SFT10
1840-6302,SFT11
GT240-LT,BG-GT240-LT
2120-761X-C-D,PV-2120761X-C-D
2120-3310-C-S,PV-21203310
2120-3310-C-D,PV-21203310
1840-5014,1840-5014
1840-5013,1840-5013
525-ISR-RBLU,525-ISR-RBLU
KT-EDGE-R,KT-EDGE-R
1840-3500,1840-3500
1840-3550,1840-3550
1840-1618,1840-1618
1840-1615,1840-1615
1840-1625,1840-1625
3934-0200,3934-0200
3934-0300,3934-0300
PA90,PA90
BG-IMP1000-1E-S-C,BG-IMP1000-1E-S-C
BG-IMP1000-1E-S-RC,BG-IMP1000-1E-S-RC
BG-IMP1000-1E-S-M,BG-IMP1000-1E-S-M
BG-IMP1000-1E-S-RBC,BG-IMP1000-1E-S-RBC
BG-IMP1000-1E-M-C,BG-IMP1000-1E-M-C
BG-IMP1000-1E-M-RC,BG-IMP1000-1E-M-RC
BG-IMP1000-1E-M-P,BG-IMP1000-1E-M-P
BG-IMP1000-1E-M-M,BG-IMP1000-1E-M-M
BG-IMP1000-1E-M-RBC,BG-IMP1000-1E-M-RBC
BG-IMP1000-1E-L-C,BG-IMP1000-1E-L-C
BG-IMP1000-1E-L-RC,BG-IMP1000-1E-L-RC
BG-IMP1000-1E-L-P,BG-IMP1000-1E-L-P
BG-IMP1000-1E-L-M,BG-IMP1000-1E-L-M
BG-IMP1000-1E-L-RBC,BG-IMP1000-1E-L-RBC
BG-IMP1000-1E-XL-C,BG-IMP1000-1E-XL-C
BG-IMP1000-1E-XL-RC,BG-IMP1000-1E-XL-RC
BG-IMP1000-1E-XL-P,BG-IMP1000-1E-XL-P
BG-IMP1000-1E-XL-M,BG-IMP1000-1E-XL-M
BG-IMP1000-1E-XL-RBC,BG-IMP1000-1E-XL-RBC
BG-IMP1000-2E-S-C,BG-IMP1000-2E-S-C
BG-IMP1000-2E-S-RC,BG-IMP1000-2E-S-RC
BG-IMP1000-2E-S-P,BG-IMP1000-2E-S-P
BG-IMP1000-2E-S-M,BG-IMP1000-2E-S-M
BG-IMP1000-2E-S-RBC,BG-IMP1000-2E-S-RBC
BG-IMP1000-2E-M-C,BG-IMP1000-2E-M-C
BG-IMP1000-2E-M-RC,BG-IMP1000-2E-M-RC
BG-IMP1000-2E-M-P,BG-IMP1000-2E-M-P
BG-IMP1000-2E-M-M,BG-IMP1000-2E-M-M
BG-IMP1000-2E-M-RBC,BG-IMP1000-2E-M-RBC
BG-IMP1000-2E-L-C,BG-IMP1000-2E-L-C
BG-IMP1000-2E-L-RC,BG-IMP1000-2E-L-RC
BG-IMP1000-2E-L-P,BG-IMP1000-2E-L-P
BG-IMP1000-2E-L-M,BG-IMP1000-2E-L-M
BG-IMP1000-2E-L-RBC,BG-IMP1000-2E-L-RBC
BG-IMP1000-2E-XL-C,BG-IMP1000-2E-XL-C
BG-IMP1000-2E-XL-RC,BG-IMP1000-2E-XL-RC
BG-IMP1000-2E-XL-P,BG-IMP1000-2E-XL-P
BG-IMP1000-2E-XL-M,BG-IMP1000-2E-XL-M
BG-IMP1000-2E-XL-RBC,BG-IMP1000-2E-XL-RBC
BG-IMP1000-3E-S-C,BG-IMP1000-3E-S-C
BG-IMP1000-3E-S-RC,BG-IMP1000-3E-S-RC
BG-IMP1000-3E-S-P,BG-IMP1000-3E-S-P
BG-IMP1000-3E-S-M,BG-IMP1000-3E-S-M
BG-IMP1000-3E-S-RBC,BG-IMP1000-3E-S-RBC
BG-IMP1000-3E-M-C,BG-IMP1000-3E-M-C
BG-IMP1000-3E-M-RC,BG-IMP1000-3E-M-RC
BG-IMP1000-3E-M-P,BG-IMP1000-3E-M-P
BG-IMP1000-3E-M-M,BG-IMP1000-3E-M-M
BG-IMP1000-3E-M-RBC,BG-IMP1000-3E-M-RBC
BG-IMP1000-3E-L-C,BG-IMP1000-3E-L-C
BG-IMP1000-3E-L-RC,BG-IMP1000-3E-L-RC
BG-IMP1000-3E-L-P,BG-IMP1000-3E-L-P
BG-IMP1000-3E-L-M,BG-IMP1000-3E-L-M
BG-IMP1000-3E-L-RBC,BG-IMP1000-3E-L-RBC
BG-IMP1000-3E-XL-C,BG-IMP1000-3E-XL-C
BG-IMP1000-3E-XL-RC,BG-IMP1000-3E-XL-RC
BG-IMP1000-3E-XL-P,BG-IMP1000-3E-XL-P
BG-IMP1000-3E-XL-M,BG-IMP1000-3E-XL-M
BG-IMP1000-3E-XL-RBC,BG-IMP1000-3E-XL-RBC
BG-IMP3000-1E-S-C,BG-IMP3000-1E-S-C
BG-IMP3000-1E-S-RC,BG-IMP3000-1E-S-RC
BG-IMP3000-1E-S-P,BG-IMP3000-1E-S-P
BG-IMP3000-1E-S-M,BG-IMP3000-1E-S-M
BG-IMP3000-1E-S-RBC,BG-IMP3000-1E-S-RBC
BG-IMP3000-1E-M-C,BG-IMP3000-1E-M-C
BG-IMP3000-1E-M-RC,BG-IMP3000-1E-M-RC
BG-IMP3000-1E-M-P,BG-IMP3000-1E-M-P
BG-IMP3000-1E-M-M,BG-IMP3000-1E-M-M
BG-IMP3000-1E-M-RBC,BG-IMP3000-1E-M-RBC
BG-IMP3000-1E-L-C,BG-IMP3000-1E-L-C
BG-IMP3000-1E-L-RC,BG-IMP3000-1E-L-RC
BG-IMP3000-1E-L-P,BG-IMP3000-1E-L-P
BG-IMP3000-1E-L-M,BG-IMP3000-1E-L-M
BG-IMP3000-1E-L-RBC,BG-IMP3000-1E-L-RBC
BG-IMP3000-1E-XL-C,BG-IMP3000-1E-XL-C
BG-IMP3000-1E-XL-RC,BG-IMP3000-1E-XL-RC
BG-IMP3000-1E-XL-P,BG-IMP3000-1E-XL-P
BG-IMP3000-1E-XL-M,BG-IMP3000-1E-XL-M
BG-IMP3000-1E-XL-RBC,BG-IMP3000-1E-XL-RBC
BG-IMP3000-2E-S-C,BG-IMP3000-2E-S-C
BG-IMP3000-2E-S-RC,BG-IMP3000-2E-S-RC
BG-IMP3000-2E-S-P,BG-IMP3000-2E-S-P
BG-IMP3000-2E-S-M,BG-IMP3000-2E-S-M
BG-IMP3000-2E-S-RBC,BG-IMP3000-2E-S-RBC
BG-IMP3000-2E-M-C,BG-IMP3000-2E-M-C
BG-IMP3000-2E-M-RC,BG-IMP3000-2E-M-RC
BG-IMP3000-2E-M-P,BG-IMP3000-2E-M-P
BG-IMP3000-2E-M-M,BG-IMP3000-2E-M-M
BG-IMP3000-2E-M-RBC,BG-IMP3000-2E-M-RBC
BG-IMP3000-2E-L-C,BG-IMP3000-2E-L-C
BG-IMP3000-2E-L-RC,BG-IMP3000-2E-L-RC
BG-IMP3000-2E-L-P,BG-IMP3000-2E-L-P
BG-IMP3000-2E-L-M,BG-IMP3000-2E-L-M
BG-IMP3000-2E-L-RBC,BG-IMP3000-2E-L-RBC
BG-IMP3000-2E-XL-C,BG-IMP3000-2E-XL-C
BG-IMP3000-2E-XL-RC,BG-IMP3000-2E-XL-RC
BG-IMP3000-2E-XL-P,BG-IMP3000-2E-XL-P
BG-IMP3000-2E-XL-M,BG-IMP3000-2E-XL-M
BG-IMP3000-2E-XL-RBC,BG-IMP3000-2E-XL-RBC
BG-IMP3000-3E-S-C,BG-IMP3000-3E-S-C
BG-IMP3000-3E-S-RC,BG-IMP3000-3E-S-RC
BG-IMP3000-3E-S-P,BG-IMP3000-3E-S-P
BG-IMP3000-3E-S-M,BG-IMP3000-3E-S-M
BG-IMP3000-3E-S-RBC,BG-IMP3000-3E-S-RBC
BG-IMP3000-3E-M-C,BG-IMP3000-3E-M-C
BG-IMP3000-3E-M-RC,BG-IMP3000-3E-M-RC
BG-IMP3000-3E-M-P,BG-IMP3000-3E-M-P
BG-IMP3000-3E-M-M,BG-IMP3000-3E-M-M
BG-IMP3000-3E-M-RBC,BG-IMP3000-3E-M-RBC
BG-IMP3000-3E-L-C,BG-IMP3000-3E-L-C
BG-IMP3000-3E-L-RC,BG-IMP3000-3E-L-RC
BG-IMP3000-3E-L-P,BG-IMP3000-3E-L-P
BG-IMP3000-3E-L-M,BG-IMP3000-3E-L-M
BG-IMP3000-3E-L-RBC,BG-IMP3000-3E-L-RBC
BG-IMP3000-3E-XL-C,BG-IMP3000-3E-XL-C
BG-IMP3000-3E-XL-RC,BG-IMP3000-3E-XL-RC
BG-IMP3000-3E-XL-P,BG-IMP3000-3E-XL-P
BG-IMP3000-3E-XL-M,BG-IMP3000-3E-XL-M
BG-IMP3000-3E-XL-RBC,BG-IMP3000-3E-XL-RBC
BG-IMP5000-1C1E-S-C,BG-IMP5000-1C1E-S-C
BG-IMP5000-1C1E-S-RC,BG-IMP5000-1C1E-S-RC
BG-IMP5000-1C1E-S-P,BG-IMP5000-1C1E-S-P
BG-IMP5000-1C1E-S-M,BG-IMP5000-1C1E-S-M
BG-IMP5000-1C1E-S-RBC,BG-IMP5000-1C1E-S-RBC
BG-IMP5000-1C1E-M-C,BG-IMP5000-1C1E-M-C
BG-IMP5000-1C1E-M-RC,BG-IMP5000-1C1E-M-RC
BG-IMP5000-1C1E-M-P,BG-IMP5000-1C1E-M-P
BG-IMP5000-1C1E-M-M,BG-IMP5000-1C1E-M-M
BG-IMP5000-1C1E-M-RBC,BG-IMP5000-1C1E-M-RBC
BG-IMP5000-1C1E-L-C,BG-IMP5000-1C1E-L-C
BG-IMP5000-1C1E-L-RC,BG-IMP5000-1C1E-L-RC
BG-IMP5000-1C1E-L-P,BG-IMP5000-1C1E-L-P
BG-IMP5000-1C1E-L-M,BG-IMP5000-1C1E-L-M
BG-IMP5000-1C1E-L-RBC,BG-IMP5000-1C1E-L-RBC
BG-IMP5000-1C1E-XL-C,BG-IMP5000-1C1E-XL-C
BG-IMP5000-1C1E-XL-RC,BG-IMP5000-1C1E-XL-RC
BG-IMP5000-1C1E-XL-P,BG-IMP5000-1C1E-XL-P
BG-IMP5000-1C1E-XL-M,BG-IMP5000-1C1E-XL-M
BG-IMP5000-1C1E-XL-RBC,BG-IMP5000-1C1E-XL-RBC
BG-IMP5000-1C2E-S-C,BG-IMP5000-1C2E-S-C
BG-IMP5000-1C2E-S-RC,BG-IMP5000-1C2E-S-RC
BG-IMP5000-1C2E-S-P,BG-IMP5000-1C2E-S-P
BG-IMP5000-1C2E-S-M,BG-IMP5000-1C2E-S-M
BG-IMP5000-1C2E-S-RBC,BG-IMP5000-1C2E-S-RBC
BG-IMP5000-1C2E-M-C,BG-IMP5000-1C2E-M-C
BG-IMP5000-1C2E-M-RC,BG-IMP5000-1C2E-M-RC
BG-IMP5000-1C2E-M-P,BG-IMP5000-1C2E-M-P
BG-IMP5000-1C2E-M-M,BG-IMP5000-1C2E-M-M
BG-IMP5000-1C2E-M-RBC,BG-IMP5000-1C2E-M-RBC
BG-IMP5000-1C2E-L-C,BG-IMP5000-1C2E-L-C
BG-IMP5000-1C2E-L-RC,BG-IMP5000-1C2E-L-RC
BG-IMP5000-1C2E-L-P,BG-IMP5000-1C2E-L-P
BG-IMP5000-1C2E-L-M,BG-IMP5000-1C2E-L-M
BG-IMP5000-1C2E-L-RBC,BG-IMP5000-1C2E-L-RBC
BG-IMP5000-1C2E-XL-C,BG-IMP5000-1C2E-XL-C
BG-IMP5000-1C2E-XL-RC,BG-IMP5000-1C2E-XL-RC
BG-IMP5000-1C2E-XL-P,BG-IMP5000-1C2E-XL-P
BG-IMP5000-1C2E-XL-M,BG-IMP5000-1C2E-XL-M
BG-IMP5000-1C2E-XL-RBC,BG-IMP5000-1C2E-XL-RBC
BG-IMP5000-2C1E-S-C,BG-IMP5000-2C1E-S-C
BG-IMP5000-2C1E-S-RC,BG-IMP5000-2C1E-S-RC
BG-IMP5000-2C1E-S-P,BG-IMP5000-2C1E-S-P
BG-IMP5000-2C1E-S-M,BG-IMP5000-2C1E-S-M
BG-IMP5000-2C1E-S-RBC,BG-IMP5000-2C1E-S-RBC
BG-IMP5000-2C1E-M-C,BG-IMP5000-2C1E-M-C
BG-IMP5000-2C1E-M-RC,BG-IMP5000-2C1E-M-RC
BG-IMP5000-2C1E-M-P,BG-IMP5000-2C1E-M-P
BG-IMP5000-2C1E-M-M,BG-IMP5000-2C1E-M-M
BG-IMP5000-2C1E-M-RBC,BG-IMP5000-2C1E-M-RBC
BG-IMP5000-2C1E-L-C,BG-IMP5000-2C1E-L-C
BG-IMP5000-2C1E-L-RC,BG-IMP5000-2C1E-L-RC
BG-IMP5000-2C1E-L-P,BG-IMP5000-2C1E-L-P
BG-IMP5000-2C1E-L-M,BG-IMP5000-2C1E-L-M
BG-IMP5000-2C1E-L-RBC,BG-IMP5000-2C1E-L-RBC
BG-IMP5000-2C1E-XL-C,BG-IMP5000-2C1E-XL-C
BG-IMP5000-2C1E-XL-RC,BG-IMP5000-2C1E-XL-RC
BG-IMP5000-2C1E-XL-P,BG-IMP5000-2C1E-XL-P
BG-IMP5000-2C1E-XL-M,BG-IMP5000-2C1E-XL-M
BG-IMP5000-2C1E-XL-RBC,BG-IMP5000-2C1E-XL-RBC
BG-IMP5000-2C2E-S-C,BG-IMP5000-2C2E-S-C
BG-IMP5000-2C2E-S-RC,BG-IMP5000-2C2E-S-RC
BG-IMP5000-2C2E-S-P,BG-IMP5000-2C2E-S-P
BG-IMP5000-2C2E-S-M,BG-IMP5000-2C2E-S-M
BG-IMP5000-2C2E-S-RBC,BG-IMP5000-2C2E-S-RBC
BG-IMP5000-2C2E-M-C,BG-IMP5000-2C2E-M-C
BG-IMP5000-2C2E-M-RC,BG-IMP5000-2C2E-M-RC
BG-IMP5000-2C2E-M-P,BG-IMP5000-2C2E-M-P
BG-IMP5000-2C2E-M-M,BG-IMP5000-2C2E-M-M
BG-IMP5000-2C2E-M-RBC,BG-IMP5000-2C2E-M-RBC
BG-IMP5000-2C2E-L-C,BG-IMP5000-2C2E-L-C
BG-IMP5000-2C2E-L-RC,BG-IMP5000-2C2E-L-RC
BG-IMP5000-2C2E-L-P,BG-IMP5000-2C2E-L-P
BG-IMP5000-2C2E-L-M,BG-IMP5000-2C2E-L-M
BG-IMP5000-2C2E-L-RBC,BG-IMP5000-2C2E-L-RBC
BG-IMP5000-2C2E-XL-C,BG-IMP5000-2C2E-XL-C
BG-IMP5000-2C2E-XL-RC,BG-IMP5000-2C2E-XL-RC
BG-IMP5000-2C2E-XL-P,BG-IMP5000-2C2E-XL-P
BG-IMP5000-2C2E-XL-M,BG-IMP5000-2C2E-XL-M
BG-IMP5000-2C2E-XL-RBC,BG-IMP5000-2C2E-XL-RBC
BG-EVENTBADGE-XS-C,BG-EVENTBADGE-XS-C
BG-EVENTBADGE-XS-RC,BG-EVENTBADGE-XS-RC
BG-EVENTBADGE-XS-M,BG-EVENTBADGE-XS-M
BG-EVENTBADGE-XS-P,BG-EVENTBADGE-XS-P
BG-EVENTBADGE-XS-S,BG-EVENTBADGE-XS-S
BG-EVENTBADGE-XS-RBC,BG-EVENTBADGE-XS-RBC
BG-EVENTBADGE-S-C,BG-EVENTBADGE-S-C
BG-EVENTBADGE-S-RC,BG-EVENTBADGE-S-RC
BG-EVENTBADGE-S-M,BG-EVENTBADGE-S-M
BG-EVENTBADGE-S-P,BG-EVENTBADGE-S-P
BG-EVENTBADGE-S-S,BG-EVENTBADGE-S-S
BG-EVENTBADGE-S-RBC,BG-EVENTBADGE-S-RBC
BG-EVENTBADGE-M-C,BG-EVENTBADGE-M-C
BG-EVENTBADGE-M-RC,BG-EVENTBADGE-M-RC
BG-EVENTBADGE-M-M,BG-EVENTBADGE-M-M
BG-EVENTBADGE-M-P,BG-EVENTBADGE-M-P
BG-EVENTBADGE-M-S,BG-EVENTBADGE-M-S
BG-EVENTBADGE-M-RBC,BG-EVENTBADGE-M-RBC
BG-EVENTBADGE-L-C,BG-EVENTBADGE-L-C
BG-EVENTBADGE-L-RC,BG-EVENTBADGE-L-RC
BG-EVENTBADGE-L-M,BG-EVENTBADGE-L-M
BG-EVENTBADGE-L-P,BG-EVENTBADGE-L-P
BG-EVENTBADGE-L-S,BG-EVENTBADGE-L-S
BG-EVENTBADGE-L-RBC,BG-EVENTBADGE-L-RBC
BG-SLFTSINGLE-C,BG-SLFTSINGLE-C
BG-SLFTSINGLE-RC,BG-SLFTSINGLE-RC
BG-SLFTSINGLE-M,BG-SLFTSINGLE-M
BG-SLFTDOUBLE-C,BG-SLFTDOUBLE-C
BG-SLFTDOUBLE-RC,BG-SLFTDOUBLE-RC
BG-SLFTDOUBLE-M,BG-SLFTDOUBLE-M
BG-SLFTMULTI-C,BG-SLFTMULTI-C
BG-SLFTMULTI-RC,BG-SLFTMULTI-RC
BG-SLFTMULTI-M,BG-SLFTMULTI-M
BG-SLFTMMULTI-C,BG-SLFTMMULTI-C
BG-SLFTMMULTI-RC,BG-SLFTMMULTI-RC
BG-SLFTMMULTI-M,BG-SLFTMMULTI-M
BG-SLFTGRANDE-C,BG-SLFTGRANDE-C
BG-SLFTGRANDE-RC,BG-SLFTGRANDE-RC
BG-SLFTGRANDE-M,BG-SLFTGRANDE-M
BG-SLFTMEGA-C,BG-SLFTMEGA-C
BG-SLFTMEGA-RC,BG-SLFTMEGA-RC
BG-SLFTMEGA-M,BG-SLFTMEGA-M
BG-DIGILINE1X3-M,BG-DIGILINE1X3-M
BG-DIGILINE1X3-P,BG-DIGILINE1X3-P
BG-DIGILINE15X3-M,BG-DIGILINE15X3-M
BG-DIGILINE15X3-P,BG-DIGILINE15X3-P
BG-DIGILINE2X3-M,BG-DIGILINE2X3-M
BG-DIGILINE2X3-P,BG-DIGILINE2X3-P
BG-DIGILINE1X3-MT-M,BG-DIGILINE1X3-MT-M
BG-DIGILINE1X3-MT-P,BG-DIGILINE1X3-MT-P
BG-DIGILINE15X3-MT-M,BG-DIGILINE15X3-MT-M
BG-DIGILINE15X3-MT-P,BG-DIGILINE15X3-MT-P
BG-DIGILINE2X3-MT-M,BG-DIGILINE2X3-MT-M
BG-DIGILINE2X3-MT-P,BG-DIGILINE2X3-MT-P
BG-40R-R-F,BG-40R-R-F
BG-40R-R-FB,BG-40R-R-FB
BG-40R-S-F,BG-40R-S-F
BG-40R-SFB,BG-40R-SFB
BG-GT240-R-F,BG-GT240-R-F
BG-GT240-R-FB,BG-GT240-R-FB
BG-GT240-S-F,BG-GT240-S-F
BG-GT240-S-FB,BG-GT240-S-FB
BG-GT40-R-F,BG-GT40-R-F
BG-GT40-R-FB,BG-GT40-R-FB
BG-GT40-S-F,BG-GT40-S-F
BG-GT40-S-FB,BG-GT40-S-FB
BG-GT50-R-F,BG-GT50-R-F
BG-GT50-R-FB,BG-GT50-R-FB
BG-GT50-S-F,BG-GT50-S-F
BG-GT50-S-FB,BG-GT50-S-FB
BG-GT60-R-F,BG-GT60-R-F
BG-GT60-R-FB,BG-GT60-R-FB
BG-GT60-S-F,BG-GT60-S-F
BG-GT60-S-FB,BG-GT60-S-FB
BG-DP279X180-B,BG-DP279X180-B
BG-DP279X180-1,BG-DP279X180-1
BG-DP279X180-2,BG-DP279X180-2
BG-DP279X180-3,BG-DP279X180-3
BG-DP279X180-4,BG-DP279X180-4
BG-TC90X110-B,BG-TC90X110-B
BG-TC90X110-1,BG-TC90X110-1
BG-TC90X110-2,BG-TC90X110-2
BG-TC90X110-3,BG-TC90X110-3
BG-TC90X110-4,BG-TC90X110-4
BG-SLFTENTCARD,BG-SLFTENTCARD
BG-SLFTDSKPLATE,BG-SLFTDSKPLATE
DS-40,DS-40
DS-36,DS-36
KT-EDGE-RJ,KT-EDGE-RJ
KT-EDGE-RC,KT-EDGE-RC
KT-REC-R,KT-REC-R
KT-REC-RJ,KT-REC-RJ
KT-REC-RC,KT-REC-RC
GHR4-BLUE,GHR4-BLUE
GHR4-GRAY,GHR4-GRAY
GHR4-GREEN,GHR4-GREEN
GHR4-ORANGE,GHR4-ORANGE
GHR4-RED,GHR4-RED
GHR4-WHITE,GHR4-WHITE
GHR4-YELLOW,GHR4-YELLOW
GHR6-BLUE,GHR6-BLUE
GHR6-GRAY,GHR6-GRAY
GHR6-GREEN,GHR6-GREEN
GHR6-ORANGE,GHR6-ORANGE
GHR6-RED,GHR6-RED
GHR6-WHITE,GHR6-WHITE
GHR6-YELLOW,GHR6-YELLOW
QHR4-BLUE,QHR4-BLUE
QHR4-GREEN,QHR4-GREEN
QHR4-ORANGE,QHR4-ORANGE
QHR4-RED,QHR4-RED
QHR4-WHITE,QHR4-WHITE
QHR4-YELLOW,QHR4-YELLOW
QHR6-BLUE,QHR6-BLUE
QHR6-GREEN,QHR6-GREEN
QHR6-ORANGE,QHR6-ORANGE
QHR6-RED,QHR6-RED
QHR6-WHITE,QHR6-WHITE
QHR6-YELLOW,QHR6-YELLOW
QHR4-GRAY,QHR4-GRAY
QHR6-GRAY,QHR6-GRAY
AP1-0100-N0,AP1-0100-N0
AP1-0111-N0,AP1-0111-N0
AP1-0120-N0,AP1-0120-N0
AP1-0160-N0,AP1-0160-N0
AP1-0172-N0,AP1-0172-N0
AP1-0190-N0,AP1-0190-N0
AT1-10-N0,AT1-10-N0
AT1-11-N0,AT1-11-N0
AT1-20-N0,AT1-20-N0
AT1-40-N0,AT1-40-N0
AT1-72-N0,AT1-72-N0
AT1-90-N0,AT1-90-N0
GX0-0110ID-N0,GX0-0110ID-N0
GX0-0111ID-N0,GX0-0111ID-N0
GX0-0120ID-N0,GX0-0120ID-N0
GX0-0121ID-N0,GX0-0121ID-N0
IN-0100-N0,IN-0100-N0
IN-0105-N0,IN-0105-N0
IN-0120-N0,IN-0120-N0
IN-0140-N0,IN-0140-N0
IN-0160-N0,IN-0160-N0
IN-0190-N0,IN-0190-N0
MIR01-10ID-N0,MIR01-10ID-N0
MIR01-11ID-N0,MIR01-11ID-N0
MIR01-20ID-N0,MIR01-20ID-N0
MIR01-21ID-NO,MIR01-21ID-NO
MIR01-40ID-N0,MIR01-40ID-N0
MIR01-60ID-N0,MIR01-60ID-N0
MIR01-90ID-N0,MIR01-90ID-N0
OC110-0125-N0,OC110-0125-N0
OC110-0005-N0,OC110-0005-N0
OC110-0161-N0,OC110-0161-N0
OC110-0167-N0,OC110-0167-N0
OC411-0105-N0,OC411-0105-N0
OC411-0120-N0,OC411-0120-N0
OC411-0176-N0,OC411-0176-N0
OC411-0177-N0,OC411-0177-N0
OC411-0178-N0,OC411-0178-N0
OC50-5100-N0,OC50-5100-N0
OC50-5120-N0,OC50-5120-N0
OC50-5161-N0,OC50-5161-N0
OC53-1100-N0,OC53-1100-N0
OC53-1120-N0,OC53-1120-N0
OC53-1150-N0,OC53-1150-N0
OC53-1161-N0,OC53-1161-N0
OC53-1172-N0,OC53-1172-N0
OS-CL110-N0,OS-CL110-N0
OS-CL117-N0,OS-CL117-N0
OS-CL110AF-N0,OS-CL110AF-N0
OS-LW210AF-N0,OS-LW210AF-N0
OS-LW212AF-N0,OS-LW212AF-N0
OS-LW212-N0,OS-LW212-N0
OS-LW213-N0,OS-LW213-N0
OS-LW217-N0,OS-LW217-N0
OS-LW218-N0,OS-LW218-N0
RS1-10-N0,RS1-10-N0
RS1-11-N0,RS1-11-N0
RS1-20-N0,RS1-20-N0
RS1-61-N0,RS1-61-N0
EWL-BEAD,OA16
EWL-RING,PA84
529-TR-ORG,529-TR-ORG
2138-5260,PV- 21385260
WB-34-M,WB-34-M
DSW-58-BLK,DSW-58-BLK
DSW-58-WHT,DSW-58-WHT
WW-38,WW-38
WB-34-S,WB-34-S
WB-38-L,WB-38-L
WB-38-M,WB-38-M
WB-38-S,WB-38-S
WB-58-L,WB-58-L
WB-58-S,WB-58-S
WB-58-M,WB-58-M
WK-34,WK-34
WK-58,WK-58
WK-38,WK-38
WB-34-L,WB-34-L
5751,5751
C05751,C05751
PH10-38,PH10-38
ELSS-38,ELSS-38
PH10-GI-38,PH10-GI-38
2T10-38,2T10-38
PH10-58,PH10-58
ELSS-58,ELSS-58
PH10-GI-58,PH10-GI-58
2T10-58,2T10-58
PH10-34,PH10-34
ELSS-34,ELSS-34
PH10-GI-34,PH10-GI-34
2T10-34,2T10-34
GLT-34,GLT-34
PH10-1,PH10-1
ELSS-1,ELSS-1
PH10-GI-1,PH10-GI-1
2T10-1,2T10-1
PD10-38,PD10-38
PD10-58,PD10-58
PD10-34,PD10-34
PD10-1,PD10-1
ELDS-38,ELDS-38
ELDS-58,ELDS-58
ELDS-34,ELDS-34
ELDS-1,ELDS-1
PW10-38,PW10-38
PW10-58,PW10-58
PW10-34,PW10-34
PW10-1,PW10-1
PW2T10-38,PW2T10-38
PW2T10-58,PW2T10-58
PW2T10-34,PW2T10-34
PW2T10-1,PW2T10-1
DYES-PL38,DYES-PL38
DYES-PL38-5,DYES-PL38-5
DYES-PL58-5,DYES-PL58-5
DYES-PL58,DYES-PL58
DYES-PL34,DYES-PL34
DYES-BL38,DYES-BL38
DYES-BL58,DYES-BL58
DYES-BL34,DYES-BL34
DYES-BL38-5,DYES-BL38-5
DYES-BL58-5,DYES-BL58-5
RIB10-38,RIB10-38
RIB10-58,RIB10-58
PD-SREF1-58,PD-SREF1-58
PD-SREF1-34,PD-SREF1-34
PD50-5,PD50-5
PD60-5,PD60-5
PH10-38-EX,PH10-38-EX
PH10-58-EX,PH10-58-EX
PH10-34-EX,PH10-34-EX
PH10-1-EX,PH10-1-EX
ELSS-38-EX,ELSS-38-EX
ELSS-58-EX,ELSS-58-EX
ELSS-34-EX,ELSS-34-EX
ELSS-1-EX,ELSS-1-EX
PD10-38-EX,PD10-38-EX
PD10-58-EX,PD10-58-EX
PD10-34-EX,PD10-34-EX
PD10-1-EX,PD10-1-EX
ELDS-38-EX,ELDS-38-EX
ELDS-58-EX,ELDS-58-EX
ELDS-34-EX,ELDS-34-EX
ELDS-1-EX,ELDS-1-EX
PV10-5,PV10-5
PV10,PV10
PV50-5,PV50-5
PV50,PV50
2138-7006,PV-21387006
2138-7004,PV-21387004
2138-7003,PV-21387003
PV10-5-Combo,PV10-5-Combo
PV10-Combo,PV10-Combo
BG-ASL500,BG-ASL500
BG-ADL500,BG-ADL500
BG-AML500,BG-AML500
BG-AML/MT500,BG-AML/MT500
BG-ASG500,BG-ASG500
BG-AMT500,BG-AMT500
BG-SLFT-PR,BG-SLFT-PR
ADJUST-38,ADJUST-38
ADJUST-58,ADJUST-58
ADJUST-34,ADJUST-34
PM10-5,PM10-5
DOM-PD10-58,DOM-PD10-58
DOM-PD10-34,DOM-PD10-34
2138-8001,PV-21388001
2138-8002,PV-21388002
2138-8006,PV-21388006
2138-8008,PV-21388008
PH10-38-SLIM,PH10-38-SLIM
ELSS-38-SLIM,ELSS-38-SLIM
PD10-38-SLIM,PD10-38-SLIM
ELDS-38-SLIM,ELDS-38-SLIM
PW10-38-SLIM,PW10-38-SLIM
2138-7008,PV-21387008
2138-7001,PV-21387001
2138-8108,PV-21388108
2138-8101,PV-21388101
2138-8102,PV-21388102
2138-8106,PV-21388106
PW10-58-SLIM,PW10-58-SLIM
ELDS-58-SLIM,ELDS-58-SLIM
PD10-58-SLIM,PD10-58-SLIM
ELSS-58-SLIM,ELSS-58-SLIM
PH10-58-SLIM,PH10-58-SLIM
304-ISLC-CLR,304-ISLC-CLR
BG-GT460,BG-GT460
BG-GT460-P,BG-GT460-P
1860-500X-C,1860-500X-C
1860-5006-C,1860-5006-C
1860-5001-C,1860-5001-C
1860-5003-C,1860-5003-C
1860-5008-C,1860-5008-C
BG-BIGBX,BG-BIGBX
2120-3900-C-DP,2120-3900-C-DP
2120-360X-C-DP,PV-2120360X-C-DP
1840-1611,1840-1611
1840-1612,1840-1612
CE-4P,CE-4P
2140-5401,2140-5401
2140-5403,2140-5403
2140-5402,2140-5402
2140-5406,2140-5406
2120-9001,2120-9001
2120-9002,2120-9002
2120-9008,2120-9008
2120-9006,2120-9006
2140-5408,2140-5408
2138-5302-20-PDE,2138-5302-20-PDE
SILHSA-13-PDG,PV-SILHSA13PDG
SILHSC-13-PDG,PV-SILHSC13PDG
SILSBA-33-PDG,PV-SILSBA33PDG
SILSBC-33-PDG,PV-SILSBC33PDG
SILAMA-11-PDG,PV-SILAMA11PDG
SILAMC-11-PDG,PV-SILAMC11PDG
WOVLB-11-PDG,PV-WOVLB11PDG
2138-5303,PV-21385303
2138-5304,PV-21385304
2138-5305,PV-21385305
2120-7652,PV-21207652
2120-7653,PV-21207653
2120-7654,PV-21207654
